Dst-Nr85,Ld,Dst-Nr,KZ,Name,Länge,NameL,Dst-Abk,GO-Nr,GO-Abk,Gde-Nr,Gemeinde,Kt.,BP,VP,VG,VD,Y-Koord.,X-Koord.,Höhe,Verkehrsmittel,Quelle_VM,Kommentar_VM,überwachen_VM,use4lineGen
8500117,85,117,2,Aesch,5,,AE,11,SBB,2761,Aesch (BL),BL,*,*,,*,"612,397","257,453",299,Zug,Fahrplan,,,
8578232,85,78232,6,"Aesch BL, Alterszentrum",23,,,879,BLT Auto,2761,Aesch (BL),BL,*,*,,,"611,909","257,191",497,Bus,Fahrplan,,,
8588758,85,88758,8,"Aesch BL, Arlesheimerstrasse",28,,,879,BLT Auto,2761,Aesch (BL),BL,*,*,,,"611,784","258,695",310,Bus_Tram,Fahrplan,,,
8500255,85,255,0,"Aesch BL, Dorf",14,,AESH,37,BLT-blt,2761,Aesch (BL),BL,*,*,,,"611,932","257,656",311,Bus_Tram,Fahrplan,,,1
8578228,85,78228,4,"Aesch BL, Gewerbestrasse",24,,,879,BLT Auto,2761,Aesch (BL),BL,*,*,,,"612,495","259,007",318,Bus,Fahrplan,,,
8588760,85,88760,4,"Aesch BL, Herrenweg",19,,,879,BLT Auto,2761,Aesch (BL),BL,*,*,,,"611,933","258,121",318,Bus_Tram,Fahrplan,,,
8578233,85,78233,4,"Aesch BL, Höhenweg",18,,,879,BLT Auto,2761,Aesch (BL),BL,*,*,,,"611,783","256,896",345,Bus,Fahrplan,,,
8578229,85,78229,2,"Aesch BL, Schwimmbad",20,,,879,BLT Auto,2761,Aesch (BL),BL,*,*,,,"612,400","258,700",299,Bus,Fahrplan,,,
8578230,85,78230,0,"Aesch BL, Schützenmattschule",28,,,879,BLT Auto,2761,Aesch (BL),BL,*,*,,,"612,246","258,063",299,Bus,Fahrplan,,,
8578227,85,78227,6,"Aesch BL, Sonnenweg",19,,,879,BLT Auto,2761,Aesch (BL),BL,*,*,,,"612,629","259,463",288,Bus,Fahrplan,,,
8589283,85,89283,6,"Allschwil, Bettenacker",22,,,823,BVB,2762,Allschwil,BL,*,*,,,"608,759","266,654",276,Bus,Fahrplan,,,
8578160,85,78160,9,"Allschwil, Binningerstrasse",27,,,823,BVB,2762,Allschwil,BL,*,*,,,"607,613","266,827",281,Bus_Tram,Fahrplan,,,
8587001,85,87001,4,"Allschwil, Dorf",15,,,823,BVB,2762,Allschwil,BL,*,*,,,"607,372","266,716",287,Bus_Tram,Fahrplan,,,
8589284,85,89284,4,"Allschwil, Friedhof",19,,,823,BVB,2762,Allschwil,BL,*,*,,,"607,457","267,024",279,Bus,Fahrplan,,,
8588761,85,88761,2,"Allschwil, Gartenhof",20,,,823,BVB,2762,Allschwil,BL,*,*,,,"607,911","266,469",283,Bus,Fahrplan,,,
8578174,85,78174,0,"Allschwil, Gartenstrasse",24,,,879,BLT Auto,2762,Allschwil,BL,*,*,,,"607,952","266,874",287,Bus_Tram,Fahrplan,,,1
8589285,85,89285,1,"Allschwil, Grabenring",21,,,823,BVB,2762,Allschwil,BL,*,*,,,"607,749","267,041",278,Bus,Fahrplan,,,
8578173,85,78173,2,"Allschwil, Hagmattstrasse",25,,,879,BLT Auto,2762,Allschwil,BL,*,*,,,"607,958","267,223",278,Bus,Fahrplan,,,
8578172,85,78172,4,"Allschwil, Im Brühl",19,,,879,BLT Auto,2762,Allschwil,BL,*,*,,,"608,149","267,396",277,Bus,Fahrplan,,,
8589286,85,89286,9,"Allschwil, Kirche",17,,,823,BVB,2762,Allschwil,BL,*,*,,,"608,683","267,035",280,Bus_Tram,Fahrplan,,,
8578171,85,78171,6,"Allschwil, Kreuzstrasse",23,,,879,BLT Auto,2762,Allschwil,BL,*,*,,,"608,437","267,648",276,Bus,Fahrplan,,,
8578159,85,78159,1,"Allschwil, Letten",17,,,879,BLT Auto,2762,Allschwil,BL,*,*,,,"608,153","266,389",283,Bus,Fahrplan,,,
8589287,85,89287,7,"Allschwil, Lindenplatz",22,,,823,BVB,2762,Allschwil,BL,*,*,,,"609,166","267,446",276,Bus_Tram,Fahrplan,,,
8589288,85,89288,5,"Allschwil, Merkurstrasse",24,,,823,BVB,2762,Allschwil,BL,*,*,,,"608,930","267,239",278,Bus_Tram,Fahrplan,,,
8578158,85,78158,3,"Allschwil, Paradies",19,,,879,BLT Auto,2762,Allschwil,BL,*,*,,,"608,677","266,219",281,Bus,Fahrplan,,,
8589289,85,89289,3,"Allschwil, Parkallee",20,,,823,BVB,2762,Allschwil,BL,*,*,,,"608,890","266,909",277,Bus,Fahrplan,,,
8578163,85,78163,3,"Allschwil, Reservoir",20,,,823,BVB,2762,Allschwil,BL,*,*,,,"606,306","266,455",318,Bus,Fahrplan,,,
8578162,85,78162,5,"Allschwil, Rosenberg",20,,,823,BVB,2762,Allschwil,BL,*,*,,,"607,033","266,716",307,Bus,Fahrplan,,,
8593495,85,93495,0,"Allschwil, Spitzwald",20,,,879,BLT Auto,2762,Allschwil,BL,*,*,,,"607,859","265,588",340,Bus,Fahrplan,,,
8588763,85,88763,8,"Allschwil, Stegmühleweg",23,,,823,BVB,2762,Allschwil,BL,*,*,,,"606,821","266,648",314,Bus,Fahrplan,,,
8589290,85,89290,1,"Allschwil, Ziegelei",19,,,823,BVB,2762,Allschwil,BL,*,*,,,"608,250","266,774",277,Bus_Tram,Fahrplan,,,
8578164,85,78164,1,"Allschwil, Ziegelhof",20,,,823,BVB,2762,Allschwil,BL,*,*,,,"605,537","265,747",340,Bus,Fahrplan,,,
8593496,85,93496,8,"Allschwil, Zum Sporn",20,,,879,BLT Auto,2762,Allschwil,BL,*,*,,,"608,242","265,823",322,Bus,Fahrplan,,,
8500081,85,81,0,Altmarkt,8,,AKT,94,BLT-wb,2829,Liestal,BL,*,*,,,"623,073","258,450",334,Zug,Fahrplan,,,
8578335,85,78335,7,"Arboldswil, Dorf",16,,,811,AAGL,2881,Arboldswil,BL,*,*,,,"621,020","251,689",633,Bus,Fahrplan,,,1
8578333,85,78333,2,"Arboldswil, Mühletal",20,,,811,AAGL,2881,Arboldswil,BL,*,*,,,"621,627","251,599",549,Bus,Fahrplan,,,
8578334,85,78334,0,"Arboldswil, Renggelts",21,,,811,AAGL,2881,Arboldswil,BL,*,*,,,"621,627","251,085",564,Bus,Fahrplan,,,
8579714,85,79714,2,"Arisdorf, Hofacker",18,,,811,AAGL,2821,Arisdorf,BL,*,*,,,"624,575","261,800",358,Bus,Fahrplan,,,
8572238,85,72238,9,"Arisdorf, Kreuz",15,,,811,AAGL,2821,Arisdorf,BL,*,*,,,"624,582","261,288",358,Bus,Fahrplan,,,1
8500984,85,984,5,"Arisdorf, Olsbergerstrasse",26,,,811,AAGL,2821,Arisdorf,BL,*,*,,*,"624,600","262,525",350,Bus,Fahrplan,,,
8572239,85,72239,7,"Arisdorf, Schulhaus",19,,,811,AAGL,2821,Arisdorf,BL,*,*,,,"624,625","262,175",350,Bus,Fahrplan,,,
8572237,85,72237,1,"Arisdorf, Weieren",17,,,811,AAGL,2821,Arisdorf,BL,*,*,,,"624,721","260,820",350,Bus,Fahrplan,,,
8593501,85,93501,5,"Arlesheim, Aliothstrasse",24,,,879,BLT Auto,2763,Arlesheim,BL,*,*,,,"613,152","262,075",282,Bus,Fahrplan,,,
8593497,85,93497,6,"Arlesheim, Altenmatteweg",24,,,879,BLT Auto,2763,Arlesheim,BL,*,*,,,"612,900","260,318",290,Bus,Fahrplan,,,
8588759,85,88759,6,"Arlesheim, Baselstrasse",23,,,37,BLT-blt,2763,Arlesheim,BL,*,*,,,"613,589","261,233",310,Bus_Tram,Fahrplan,,,
8593498,85,93498,4,"Arlesheim, Birsweg",18,,,879,BLT Auto,2763,Arlesheim,BL,*,*,,,"612,824","260,761",282,Bus,Fahrplan,,,
8589236,85,89236,4,"Arlesheim, Brown Boveri",23,,,37,BLT-blt,2763,Arlesheim,BL,*,*,,,"613,458","261,915",289,Tram,Fahrplan,,,
8578226,85,78226,8,"Arlesheim, Dom",14,,,879,BLT Auto,2763,Arlesheim,BL,*,*,,,"613,548","260,176",334,Bus,Fahrplan,,,1
8500077,85,77,8,"Arlesheim, Dorf",15,,ARHD,37,BLT-blt,2763,Arlesheim,BL,*,*,,,"613,582","260,427",330,Bus_Tram,Fahrplan,,,
8588764,85,88764,6,"Arlesheim, Im Lee",17,,,37,BLT-blt,2763,Arlesheim,BL,*,*,,,"613,616","260,762",326,Bus_Tram,Fahrplan,,,
8578225,85,78225,0,"Arlesheim, Obesunne",19,,,879,BLT Auto,2763,Arlesheim,BL,*,*,,,"613,434","259,950",330,Bus,Fahrplan,,,
8593499,85,93499,2,"Arlesheim, Schorenweg",21,,,879,BLT Auto,2763,Arlesheim,BL,*,*,,,"612,952","261,665",274,Bus,Fahrplan,,,
8588765,85,88765,3,"Arlesheim, Stollenrain",22,,,37,BLT-blt,2763,Arlesheim,BL,*,*,,,"613,018","260,267",300,Bus_Tram,Fahrplan,,,
8500854,85,854,0,Augst BL,8,,,811,AAGL,2822,Augst,BL,*,*,,,"620,653","264,920",273,Bus,Fahrplan,,,
8530640,85,30640,7,Augst BL Kraftwerk,18,,,191,BPG,2822,Augst,BL,*,*,,,"620,604","265,241",274,Schiff,Fahrplan,,,
8578347,85,78347,2,"Augst BL, Schwarzacker",22,,,811,AAGL,2822,Augst,BL,*,*,,,"621,721","264,546",307,Bus,Fahrplan,,,
8500090,85,90,1,Basel Bad Bf,12,,BAD,11,SBB,2701,Basel,BS,*,*,,*,"612,692","268,618",263,Zug,Fahrplan,,,1
8500136,85,136,2,Basel Dreispitz,15,,BSDH,11,SBB,2701,Basel,BS,*,*,,*,"612,824","265,251",284,Zug,Fahrplan,,,1
8500899,85,899,5,Basel Messeplatz,16,,,823,BVB,2701,Basel,BS,*,*,,,"612,116","268,095",287,Tram,Fahrplan,,,
8530764,85,30764,5,Basel Museum Tinguely,21,,,191,BPG,2701,Basel,BS,*,*,,,"612,622","267,427",248,Schiff,Fahrplan,,,
8530637,85,30637,3,Basel Rheinhafen/Dreiländereck,30,,,191,BPG,2701,Basel,BS,*,*,,,"611,320","270,798",242,Schiff,Fahrplan,,,
8500010,85,10,9,Basel SBB,9,,BS,11,SBB,2701,Basel,BS,*,*,,*,"611,362","266,309",277,Bus_Zug,Fahrplan,,,1
8500872,85,872,2,Basel Schifflände,17,,BSIF,191,BPG,2701,Basel,BS,*,*,,,"611,276","267,700",244,Schiff,Fahrplan,,,
8530638,85,30638,1,Basel St. Alban-Tal,19,,,191,BPG,2701,Basel,BS,*,*,,,"612,219","267,171",243,Schiff,Fahrplan,,,
8500016,85,16,6,Basel St. Johann,16,,BSSJ,11,SBB,2701,Basel,BS,*,*,*,*,"610,075","268,852",266,Zug,Fahrplan,,,
8500073,85,73,7,"Basel, Aeschenplatz",19,,BAES,823,BVB,2701,Basel,BS,*,*,,,"611,759","266,743",275,Bus_Tram,Fahrplan,,,
8589291,85,89291,9,"Basel, Airolostrasse",20,,,823,BVB,2701,Basel,BS,*,*,,,"611,419","264,638",341,Tram,Fahrplan,,,
8589292,85,89292,7,"Basel, Allmendstrasse",21,,,823,BVB,2701,Basel,BS,*,*,,,"614,109","267,978",257,Bus,Fahrplan,,,
8589293,85,89293,5,"Basel, Allschwilerplatz",23,,,823,BVB,2701,Basel,BS,*,*,,,"609,932","267,400",260,Bus_Tram,Fahrplan,,,
8578170,85,78170,8,"Basel, Bachgraben",17,,,823,BVB,2701,Basel,BS,*,*,,,"608,934","268,119",251,Bus,Fahrplan,,,
8592321,85,92321,9,"Basel, Badischer Bahnhof",24,,,823,BVB,2701,Basel,BS,*,*,,,"612,678","268,450",256,Bus_Tram,Fahrplan,,,1
8578143,85,78143,5,"Basel, Bahnhof SBB",18,,,823,BVB,2701,Basel,BS,*,*,,,"611,418","266,407",278,Bus_Tram,Fahrplan,,,1
8592322,85,92322,7,"Basel, Bahnhof St. Johann",25,,,823,BVB,2701,Basel,BS,*,*,,,"610,106","268,864",260,Bus_Tram,Fahrplan,,,1
8500237,85,237,8,"Basel, Bankverein",17,,BSBA,823,BVB,2701,Basel,BS,*,*,,,"611,563","267,000",266,Tram,Fahrplan,,,
8500897,85,897,9,"Basel, Barfüsserplatz",21,,,823,BVB,2701,Basel,BS,*,*,,,"611,323","267,108",268,Tram,Fahrplan,,,
8588066,85,88066,6,"Basel, Bedrettostrasse",22,,,879,BLT Auto,2701,Basel,BS,*,*,,,"611,466","263,998",355,Bus,Fahrplan,,,
8589294,85,89294,3,"Basel, Belforterstrasse",23,,,823,BVB,2701,Basel,BS,*,*,,,"609,020","268,280",275,Bus,Fahrplan,,,
8589295,85,89295,0,"Basel, Bernerring",17,,,823,BVB,2701,Basel,BS,*,*,,,"609,880","266,489",277,Tram,Fahrplan,,,
8588486,85,88486,6,"Basel, Bernoullianum",20,,,823,BVB,2701,Basel,BS,*,*,,,"610,672","267,817",260,Bus,Fahrplan,,,
8588942,85,88942,8,"Basel, Bethesda-Spital",22,,,879,BLT Auto,2701,Basel,BS,*,*,,,"613,479","266,484",263,Bus,Fahrplan,,,
8500146,85,146,1,"Basel, Bhfeingang Gundeldingen",30,"Basel, Bahnhofeingang Gundeldingen",,823,BVB,2701,Basel,BS,*,*,,,"611,205","266,101",280,Bus_Tram,Fahrplan,,,1
8589296,85,89296,8,"Basel, Birmannsgasse",20,,,823,BVB,2701,Basel,BS,*,*,,,"610,281","267,410",275,Tram,Fahrplan,,,
8589297,85,89297,6,"Basel, Blotzheimerstrasse",25,,,823,BVB,2701,Basel,BS,*,*,,,"609,781","267,863",275,Bus,Fahrplan,,,
8588766,85,88766,1,"Basel, Bläsiring",16,,,823,BVB,2701,Basel,BS,*,*,,,"611,422","268,667",251,Tram,Fahrplan,,,
8578306,85,78306,8,"Basel, Breite",13,,,811,AAGL,2701,Basel,BS,*,*,,,"613,257","267,212",261,Bus_Tram,Fahrplan,,,1
8589298,85,89298,4,"Basel, Brombacherstrasse",24,,,823,BVB,2701,Basel,BS,*,*,,,"611,724","268,912",255,Bus_Tram,Fahrplan,,,
8589299,85,89299,2,"Basel, Bruderholz",17,,,823,BVB,2701,Basel,BS,*,*,,,"611,680","264,644",344,Tram,Fahrplan,,,
8589300,85,89300,8,"Basel, Bruderholzstrasse",24,,,823,BVB,2701,Basel,BS,*,*,,,"611,618","265,720",282,Bus_Tram,Fahrplan,,,
8589301,85,89301,6,"Basel, Bundesplatz",18,,,823,BVB,2701,Basel,BS,*,*,,,"610,288","266,756",278,Tram,Fahrplan,,,
8589302,85,89302,4,"Basel, Burgfelden Grenze",24,,,823,BVB,2701,Basel,BS,*,*,,,"609,245","268,638",275,Tram,Fahrplan,,,
8589303,85,89303,2,"Basel, Burgfelderplatz",22,,,823,BVB,2701,Basel,BS,*,*,,,"610,183","267,907",272,Tram,Fahrplan,,,
8589304,85,89304,0,"Basel, Buschweilerweg",21,,,823,BVB,2701,Basel,BS,*,*,,,"609,464","267,827",275,Bus,Fahrplan,,,
8588767,85,88767,9,"Basel, Ciba",11,,,823,BVB,2701,Basel,BS,*,*,,,"611,409","269,201",251,Bus_Tram,Fahrplan,,,
8500898,85,898,7,"Basel, Claraplatz",17,,,823,BVB,2701,Basel,BS,*,*,,,"611,662","267,907",268,Bus_Tram,Fahrplan,,,
8589305,85,89305,7,"Basel, Clarastrasse",19,,,823,BVB,2701,Basel,BS,*,*,,,"611,905","268,009",262,Tram,Fahrplan,,,
8500236,85,236,0,"Basel, Denkmal",14,,,823,BVB,2701,Basel,BS,*,*,,,"612,000","266,395",266,Tram,Fahrplan,,,
8589306,85,89306,5,"Basel, Drei Linden",18,,,823,BVB,2701,Basel,BS,*,*,,,"614,028","268,685",260,Bus,Fahrplan,,,
8588768,85,88768,7,"Basel, Dreirosenbrücke",22,,,823,BVB,2701,Basel,BS,*,*,,,"611,377","268,903",251,Bus_Tram,Fahrplan,,,1
8500096,85,96,8,"Basel, Dreispitz",16,,DSPZ,823,BVB,2701,Basel,BS,*,*,,,"612,814","265,174",289,Bus_Tram,Fahrplan,,,1
8589307,85,89307,3,"Basel, Eglisee",14,,,823,BVB,2701,Basel,BS,*,*,,,"613,363","268,830",258,Bus_Tram,Fahrplan,,,
8588947,85,88947,7,"Basel, Emanuel-Büchel-Strasse",29,,,879,BLT Auto,2701,Basel,BS,*,*,,,"613,229","266,686",266,Bus,Fahrplan,,,
8589308,85,89308,1,"Basel, Ensisheimerstrasse",25,,,823,BVB,2701,Basel,BS,*,*,,,"609,592","268,056",275,Bus,Fahrplan,,,
8589309,85,89309,9,"Basel, Erasmusplatz",19,,,823,BVB,2701,Basel,BS,*,*,,,"611,326","268,368",254,Bus,Fahrplan,,,
8589358,85,89358,6,"Basel, Erlenmatt",16,,,823,BVB,2701,Basel,BS,*,*,,,"612,421","268,775",256,Bus,Fahrplan,,,
8589310,85,89310,7,"Basel, Falkensteinerstrasse",27,,,823,BVB,2701,Basel,BS,*,*,,,"612,242","265,435",283,Bus,Fahrplan,,,
8588769,85,88769,5,"Basel, Feldbergstrasse",22,,,823,BVB,2701,Basel,BS,*,*,,,"611,482","268,411",251,Bus_Tram,Fahrplan,,,
8589311,85,89311,5,"Basel, Felix Platter-Spital",27,,,823,BVB,2701,Basel,BS,*,*,,,"609,708","268,258",273,Tram,Fahrplan,,,
8589312,85,89312,3,"Basel, Forellenweg",18,,,823,BVB,2701,Basel,BS,*,*,,,"613,706","266,670",259,Bus,Fahrplan,,,
8578146,85,78146,8,"Basel, Friedrich-Miescher-Str.",30,,,823,BVB,2701,Basel,BS,*,*,,,"609,497","269,249",264,Bus,Fahrplan,,,
8589313,85,89313,1,"Basel, Frobenstrasse",20,,,823,BVB,2701,Basel,BS,*,*,,,"611,060","266,026",280,Bus,Fahrplan,,,
8588953,85,88953,5,"Basel, Gellertstrasse",21,,,879,BLT Auto,2701,Basel,BS,*,*,,,"612,975","266,750",269,Bus,Fahrplan,,,
8588064,85,88064,1,"Basel, Gempenfluh",17,,,879,BLT Auto,2701,Basel,BS,*,*,,,"612,239","264,392",269,Bus,Fahrplan,,,
8589315,85,89315,6,"Basel, General Guisan-Strasse",29,,,823,BVB,2701,Basel,BS,*,*,,,"609,571","266,558",277,Bus,Fahrplan,,,
8589316,85,89316,4,"Basel, Gewerbeschule",20,,,823,BVB,2701,Basel,BS,*,*,,,"612,393","268,230",256,Tram,Fahrplan,,,
8589317,85,89317,2,"Basel, Grellingerstrasse",24,,,823,BVB,2701,Basel,BS,*,*,,,"612,631","266,546",273,Tram,Fahrplan,,,
8588770,85,88770,3,"Basel, Grosspeterstrasse",24,,,823,BVB,2701,Basel,BS,*,*,,,"612,041","266,140",278,Tram,Fahrplan,,,
8589319,85,89319,8,"Basel, Hammerstrasse",20,,,823,BVB,2701,Basel,BS,*,*,,,"611,783","268,489",255,Bus,Fahrplan,,,
8589320,85,89320,6,"Basel, Hardstrasse",18,,,823,BVB,2701,Basel,BS,*,*,,,"612,173","266,858",269,Tram,Fahrplan,,,
8589321,85,89321,4,"Basel, Hauensteinerstrasse",26,,,823,BVB,2701,Basel,BS,*,*,,,"611,926","264,753",342,Tram,Fahrplan,,,
8589322,85,89322,2,"Basel, Hechtliacker",19,,,823,BVB,2701,Basel,BS,*,*,,,"612,281","264,893",318,Tram,Fahrplan,,,
8589323,85,89323,0,"Basel, Hegenheimerstrasse",25,,,823,BVB,2701,Basel,BS,*,*,,,"610,218","267,735",275,Tram,Fahrplan,,,
8500147,85,147,9,"Basel, Heiliggeistkirche",24,,,823,BVB,2701,Basel,BS,*,*,,,"611,999","265,700",281,Bus_Tram,Fahrplan,,,
8500079,85,79,4,"Basel, Heuwaage",15,,BSHW,823,BVB,2701,Basel,BS,*,*,,,"611,247","266,739",279,Bus_Tram,Fahrplan,,,
8588951,85,88951,9,"Basel, Hirzbodenweg",19,,,879,BLT Auto,2701,Basel,BS,*,*,,,"612,558","266,292",274,Bus,Fahrplan,,,
8589324,85,89324,8,"Basel, Hirzbrunnen/Claraspital",30,,,823,BVB,2701,Basel,BS,*,*,,,"613,020","268,544",261,Tram,Fahrplan,,,
8589325,85,89325,5,"Basel, Hochbergerstrasse",24,,,823,BVB,2701,Basel,BS,*,*,,,"611,957","269,538",251,Bus,Fahrplan,,,
8589326,85,89326,3,"Basel, Hoffmann-La Roche",24,,,823,BVB,2701,Basel,BS,*,*,,,"612,648","267,600",257,Bus,Fahrplan,,,
8589327,85,89327,1,"Basel, Holbeinstrasse",21,,,823,BVB,2701,Basel,BS,*,*,,,"610,948","266,889",277,Bus_Tram,Fahrplan,,,
8589328,85,89328,9,"Basel, Holee",12,,,823,BVB,2701,Basel,BS,*,*,,,"609,844","266,087",283,Bus,Fahrplan,,,
8588771,85,88771,1,"Basel, Hüningerstrasse",22,,,37,BLT-blt,2701,Basel,BS,*,*,,,"610,339","269,138",251,Bus_Tram,Fahrplan,,,
8500160,85,160,2,"Basel, IWB",10,,,823,BVB,2701,Basel,BS,*,*,,,"610,972","266,227",280,Bus_Tram,Fahrplan,,,
8589329,85,89329,7,"Basel, Im Heimatland",20,,,823,BVB,2701,Basel,BS,*,*,,,"613,337","268,198",258,Bus,Fahrplan,,,
8578145,85,78145,0,"Basel, Im Wasenboden",20,,,823,BVB,2701,Basel,BS,*,*,,,"609,873","268,670",266,Bus,Fahrplan,,,
8589330,85,89330,5,"Basel, Im langen Loh",20,,,823,BVB,2701,Basel,BS,*,*,,,"609,117","266,169",284,Tram,Fahrplan,,,
8589331,85,89331,3,"Basel, Inselstrasse",19,,,823,BVB,2701,Basel,BS,*,*,,,"611,363","269,654",250,Bus_Tram,Fahrplan,,,
8588950,85,88950,1,"Basel, J. Burckhardt-Strasse",28,,,879,BLT Auto,2701,Basel,BS,*,*,,,"612,259","266,525",274,Bus,Fahrplan,,,
8588063,85,88063,3,"Basel, Jakobsberg",17,,,823,BVB,2701,Basel,BS,*,*,,,"612,261","264,644",324,Bus_Tram,Fahrplan,,,
8588772,85,88772,9,"Basel, Johanniterbrücke",23,,,823,BVB,2701,Basel,BS,*,*,,,"610,933","268,181",251,Bus_Tram,Fahrplan,,,
8578144,85,78144,3,"Basel, Kannenfeldplatz",22,,,823,BVB,2701,Basel,BS,*,*,,,"610,135","268,344",266,Bus_Tram,Fahrplan,,,
8588952,85,88952,7,"Basel, Karl Barth-Platz",23,,,823,BVB,2701,Basel,BS,*,*,,,"612,850","266,380",274,Bus_Tram,Fahrplan,,,
8588774,85,88774,5,"Basel, Kaserne",14,,,823,BVB,2701,Basel,BS,*,*,,,"611,511","268,121",251,Tram,Fahrplan,,,
8588485,85,88485,8,"Basel, Kinderspital",19,,,823,BVB,2701,Basel,BS,*,*,,,"610,842","268,090",260,Bus,Fahrplan,,,
8589333,85,89333,9,"Basel, Kirschgarten",19,,,823,BVB,2701,Basel,BS,*,*,,,"611,473","266,772",277,Bus_Tram,Fahrplan,,,
8589334,85,89334,7,"Basel, Kleinhüningen",20,,,823,BVB,2701,Basel,BS,*,*,,,"611,573","270,051",249,Bus_Tram,Fahrplan,,,
8589374,85,89374,3,"Basel, Kleinhüningeranlage",26,,,823,BVB,2701,Basel,BS,*,*,,,"611,675","270,346",250,Tram,Fahrplan,,,
8589335,85,89335,4,"Basel, Kunsteisbahn",19,,,823,BVB,2701,Basel,BS,*,*,,,"611,148","265,721",281,Bus,Fahrplan,,,
8589336,85,89336,2,"Basel, Kunstmuseum",18,,,823,BVB,2701,Basel,BS,*,*,,,"611,701","267,094",266,Tram,Fahrplan,,,
8589332,85,89332,1,"Basel, Käferholzstrasse",23,,,823,BVB,2701,Basel,BS,*,*,,,"613,567","268,361",260,Bus,Fahrplan,,,
8589337,85,89337,0,"Basel, Lange Erlen",18,,,823,BVB,2701,Basel,BS,*,*,,,"612,501","269,180",254,Bus,Fahrplan,,,
8589338,85,89338,8,"Basel, Laupenring",17,,,823,BVB,2701,Basel,BS,*,*,,,"609,727","266,384",280,Tram,Fahrplan,,,
8588946,85,88946,9,"Basel, Leimgrubenweg",20,,,823,BVB,2701,Basel,BS,*,*,,,"612,454","265,146",287,Bus_Tram,Fahrplan,,,
8589339,85,89339,6,"Basel, Lerchenstrasse",21,,,823,BVB,2701,Basel,BS,*,*,,,"611,232","264,986",333,Bus_Tram,Fahrplan,,,
8578168,85,78168,2,"Basel, Luzernerring",19,,,823,BVB,2701,Basel,BS,*,*,,,"609,509","268,403",287,Bus_Tram,Fahrplan,,,
8588776,85,88776,0,"Basel, MParc",12,,,823,BVB,2701,Basel,BS,*,*,,,"612,646","265,354",251,Bus_Tram,Fahrplan,,,
8589340,85,89340,4,"Basel, Margarethen",18,,,823,BVB,2701,Basel,BS,*,*,,,"610,773","265,945",286,Bus_Tram,Fahrplan,,,
8500193,85,193,3,"Basel, Markthalle",17,,,823,BVB,2701,Basel,BS,*,*,,,"611,094","266,472",276,Bus_Tram,Fahrplan,,,
8588775,85,88775,2,"Basel, Marktplatz",17,,,823,BVB,2701,Basel,BS,*,*,,,"611,213","267,499",278,Bus_Tram,Fahrplan,,,
8589341,85,89341,2,"Basel, Mattenstrasse",20,,,823,BVB,2701,Basel,BS,*,*,,,"612,164","268,616",255,Bus,Fahrplan,,,
8588488,85,88488,2,"Basel, Metzerstrasse",20,,,823,BVB,2701,Basel,BS,*,*,,,"610,509","268,167",260,Bus,Fahrplan,,,
8592442,85,92442,3,"Basel, Morgartenring",20,,,823,BVB,2701,Basel,BS,*,*,,,"609,541","267,389",276,Bus_Tram,Fahrplan,,,
8589344,85,89344,6,"Basel, Musical Theater",22,,,823,BVB,2701,Basel,BS,*,*,,,"611,961","268,719",255,Bus_Tram,Fahrplan,,,
8589345,85,89345,3,"Basel, Musik-Akademie",21,,,823,BVB,2701,Basel,BS,*,*,,,"611,163","267,213",271,Tram,Fahrplan,,,
8589343,85,89343,8,"Basel, Mönchsbergerstrasse",26,,,823,BVB,2701,Basel,BS,*,*,,,"612,123","265,287",284,Bus_Tram,Fahrplan,,,
8588777,85,88777,8,"Basel, Mülhauserstrasse",23,,,823,BVB,2701,Basel,BS,*,*,,,"610,642","268,646",251,Bus_Tram,Fahrplan,,,
8588778,85,88778,6,"Basel, Münchensteinerstrasse",28,,,823,BVB,2701,Basel,BS,*,*,,,"612,112","265,833",251,Bus_Tram,Fahrplan,,,
8589346,85,89346,1,"Basel, Nasenweg",15,,,823,BVB,2701,Basel,BS,*,*,,,"613,433","266,848",250,Bus,Fahrplan,,,
8589347,85,89347,9,"Basel, Neubad",13,,,823,BVB,2701,Basel,BS,*,*,,,"609,509","266,254",281,Bus_Tram,Fahrplan,,,
8578157,85,78157,5,"Basel, Neuweilerstrasse",23,,,823,BVB,2701,Basel,BS,*,*,,,"608,900","266,101",278,Bus_Tram,Fahrplan,,,
8589348,85,89348,7,"Basel, Novartis Campus",22,,,823,BVB,2701,Basel,BS,*,*,,,"610,740","268,905",258,Bus_Tram,Fahrplan,,,
8589350,85,89350,3,"Basel, Peter Rot-Strasse",24,,,823,BVB,2701,Basel,BS,*,*,,,"612,460","267,803",255,Bus,Fahrplan,,,
8588071,85,88071,6,"Basel, Peter-Merian",19,,,37,BLT-blt,2701,Basel,BS,*,*,,,"611,860","266,079",286,Tram,Fahrplan,,,
8589351,85,89351,1,"Basel, Pilgerstrasse",20,,,823,BVB,2701,Basel,BS,*,*,,,"610,429","267,716",271,Tram,Fahrplan,,,
8589353,85,89353,7,"Basel, Rankstrasse",18,,,823,BVB,2701,Basel,BS,*,*,,,"613,369","267,816",258,Bus,Fahrplan,,,
8588948,85,88948,5,"Basel, Redingstrasse",20,,,823,BVB,2701,Basel,BS,*,*,,,"613,706","266,313",258,Bus,Fahrplan,,,
8588779,85,88779,4,"Basel, Rheingasse",17,,,823,BVB,2701,Basel,BS,*,*,,,"611,508","267,813",251,Bus_Tram,Fahrplan,,,
8592325,85,92325,0,"Basel, Rheinhafen",17,,,823,BVB,2701,Basel,BS,*,*,,,"611,180","270,307",250,Bus,Fahrplan,,,
8589352,85,89352,9,"Basel, Riehenring",17,,,823,BVB,2701,Basel,BS,*,*,,,"611,974","268,526",255,Bus_Tram,Fahrplan,,,
8589354,85,89354,5,"Basel, Rigistrasse",18,,,823,BVB,2701,Basel,BS,*,*,,,"609,554","266,861",277,Bus,Fahrplan,,,
8589355,85,89355,2,"Basel, Rosengartenweg",21,,,823,BVB,2701,Basel,BS,*,*,,,"612,392","267,575",258,Bus,Fahrplan,,,
8589356,85,89356,0,"Basel, Rütimeyerplatz",21,,,823,BVB,2701,Basel,BS,*,*,,,"610,325","266,504",277,Bus,Fahrplan,,,
8588780,85,88780,2,"Basel, Schifflände",18,,,823,BVB,2701,Basel,BS,*,*,,,"611,179","267,620",278,Bus_Tram,Fahrplan,,,
8589359,85,89359,4,"Basel, Schorenweg",17,,,823,BVB,2701,Basel,BS,*,*,,,"612,989","269,039",255,Bus,Fahrplan,,,
8589360,85,89360,2,"Basel, Schützenhaus",19,,,823,BVB,2701,Basel,BS,*,*,,,"610,423","266,952",278,Bus_Tram,Fahrplan,,,
8589361,85,89361,0,"Basel, Schützenmattstrasse",26,,,823,BVB,2701,Basel,BS,*,*,,,"610,600","267,114",276,Bus_Tram,Fahrplan,,,
8589362,85,89362,8,"Basel, Sevogelplatz",19,,,823,BVB,2701,Basel,BS,*,*,,,"612,458","266,671",271,Tram,Fahrplan,,,
8500189,85,189,1,"Basel, Solothurnerstrasse",25,,,823,BVB,2701,Basel,BS,*,*,,,"611,469","265,950",288,Bus_Tram,Fahrplan,,,
8588065,85,88065,8,"Basel, Spitzacker",17,,,879,BLT Auto,2701,Basel,BS,*,*,,,"611,999","264,076",288,Bus,Fahrplan,,,
8589363,85,89363,6,"Basel, Sportzentrum Rankhof",27,,,823,BVB,2701,Basel,BS,*,*,,,"613,741","267,826",257,Bus,Fahrplan,,,
8500138,85,138,8,"Basel, St-Louis Grenze",22,,STLO,37,BLT-blt,2701,Basel,BS,*,*,,,"610,106","269,481",224,Bus_Tram,Fahrplan,,,
8589364,85,89364,4,"Basel, St. Alban-Tor",20,,,823,BVB,2701,Basel,BS,*,*,,,"612,483","266,900",269,Tram,Fahrplan,,,
8589365,85,89365,1,"Basel, St. Galler-Ring",22,,,823,BVB,2701,Basel,BS,*,*,,,"609,740","266,886",278,Bus,Fahrplan,,,
8588943,85,88943,6,"Basel, St. Jakob",16,,,823,BVB,2701,Basel,BS,*,*,,,"613,538","265,600",260,Bus_Tram,Fahrplan,,,
8588781,85,88781,0,"Basel, St. Johanns-Tor",22,,,823,BVB,2701,Basel,BS,*,*,,,"610,758","268,442",251,Bus_Tram,Fahrplan,,,
8588487,85,88487,4,"Basel, Steinenschanze",21,,,823,BVB,2701,Basel,BS,*,*,,,"611,116","266,920",270,Bus,Fahrplan,,,
8589366,85,89366,9,"Basel, Strassburgerallee",24,,,823,BVB,2701,Basel,BS,*,*,,,"609,952","268,083",272,Bus_Tram,Fahrplan,,,
8589367,85,89367,7,"Basel, Studio Basel",19,,,823,BVB,2701,Basel,BS,*,*,,,"611,206","264,782",337,Bus_Tram,Fahrplan,,,
8594926,85,94926,3,"Basel, Stücki",13,,,823,BVB,2701,Basel,BS,*,*,,,"611,757","269,878",249,Bus,Fahrplan,,,
8589368,85,89368,5,"Basel, Surinam",14,,,823,BVB,2701,Basel,BS,*,*,,,"612,807","268,777",256,Bus,Fahrplan,,,
8589369,85,89369,3,"Basel, Synagoge",15,,,823,BVB,2701,Basel,BS,*,*,,,"610,821","267,070",275,Bus,Fahrplan,,,
8500161,85,161,0,"Basel, Tellplatz",16,,,823,BVB,2701,Basel,BS,*,*,,,"611,712","265,804",280,Bus_Tram,Fahrplan,,,
8500994,85,994,4,"Basel, Theater",14,,,823,BVB,2701,Basel,BS,*,*,,,"611,378","266,945",268,Bus_Tram,Fahrplan,,,
8589370,85,89370,1,"Basel, Thiersteinerschule",25,,,823,BVB,2701,Basel,BS,*,*,,,"611,912","265,578",282,Bus,Fahrplan,,,
8578169,85,78169,0,"Basel, Thomaskirche",19,,,823,BVB,2701,Basel,BS,*,*,,,"609,390","268,157",251,Bus,Fahrplan,,,
8589371,85,89371,9,"Basel, Tinguely Museum",22,,,823,BVB,2701,Basel,BS,*,*,,,"613,082","267,700",256,Bus,Fahrplan,,,
8588949,85,88949,3,"Basel, Ulmenweg",15,,,823,BVB,2701,Basel,BS,*,*,,,"613,578","266,004",262,Bus,Fahrplan,,,
8588489,85,88489,0,"Basel, Universität",18,,,823,BVB,2701,Basel,BS,*,*,,,"610,950","267,383",260,Bus_Tram,Fahrplan,,,
8588773,85,88773,7,"Basel, Universitätsspital",25,,,823,BVB,2701,Basel,BS,*,*,,,"611,082","267,882",258,Bus_Tram,Fahrplan,,,
8588782,85,88782,8,"Basel, Voltaplatz",17,,,823,BVB,2701,Basel,BS,*,*,,,"610,499","268,879",251,Bus_Tram,Fahrplan,,,
8589372,85,89372,7,"Basel, Waldenburgerstrasse",26,,,823,BVB,2701,Basel,BS,*,*,,,"612,891","267,059",260,Tram,Fahrplan,,,
8589373,85,89373,5,"Basel, Wanderstrasse",20,,,823,BVB,2701,Basel,BS,*,*,,,"609,243","266,800",277,Bus,Fahrplan,,,
8595517,85,95517,9,"Basel, Weil am Rhein Grenze",27,,,823,BVB,2701,Basel,BS,*,*,,,"611,615","270,933",247,Tram,Fahrplan,,,
8589375,85,89375,0,"Basel, Wettsteinallee",21,,,823,BVB,2701,Basel,BS,*,*,,,"612,947","267,969",257,Bus,Fahrplan,,,
8589376,85,89376,8,"Basel, Wettsteinplatz",21,,,823,BVB,2701,Basel,BS,*,*,,,"612,020","267,613",257,Bus_Tram,Fahrplan,,,
8589377,85,89377,6,"Basel, Wielandplatz",19,,,823,BVB,2701,Basel,BS,*,*,,,"609,967","266,924",277,Bus,Fahrplan,,,
8500254,85,254,3,"Basel, Wiesenplatz",18,,,823,BVB,2701,Basel,BS,*,*,,,"611,518","269,632",268,Bus_Tram,Fahrplan,,,
8589378,85,89378,4,"Basel, Winkelriedplatz",22,,,823,BVB,2701,Basel,BS,*,*,,,"611,320","265,878",280,Bus,Fahrplan,,,
8589379,85,89379,2,"Basel, Wolfschlucht",19,,,823,BVB,2701,Basel,BS,*,*,,,"611,432","265,194",319,Tram,Fahrplan,,,
8589380,85,89380,0,"Basel, Zeughaus",15,,,823,BVB,2701,Basel,BS,*,*,,,"612,944","265,988",274,Tram,Fahrplan,,,
8588783,85,88783,6,"Basel, Zoo",10,,,37,BLT-blt,2701,Basel,BS,*,*,,,"610,882","266,455",251,Tram,Fahrplan,,,
8589381,85,89381,8,"Basel, Zoo Bachletten",21,,,823,BVB,2701,Basel,BS,*,*,,,"610,676","266,694",275,Bus_Tram,Fahrplan,,,
8589382,85,89382,6,"Basel, Zoo Dorenbach",20,,,823,BVB,2701,Basel,BS,*,*,,,"610,310","265,971",286,Bus_Tram,Fahrplan,,,
8589383,85,89383,4,"Basel, Zwinglihaus",18,,,823,BVB,2701,Basel,BS,*,*,,,"611,887","265,391",290,Bus_Tram,Fahrplan,,,
8500205,85,205,5,Bellach,7,,BELL,11,SBB,2542,Bellach,SO,*,*,*,*,"605,245","228,665",443,Bus_Zug,Fahrplan,,,
8578253,85,78253,2,"Bennwil, Dorf",13,,,879,BLT Auto,2882,Bennwil,BL,*,*,,,"625,770","250,320",524,Bus,Fahrplan,,,
8589384,85,89384,2,"Bennwil, Obere Matten",21,,,879,BLT Auto,2882,Bennwil,BL,*,*,,,"626,131","250,707",519,Bus,Fahrplan,,,
8589386,85,89386,7,"Bettingen, Altes Zollhaus",25,,,823,BVB,2702,Bettingen,BS,*,*,,,"617,501","268,722",439,Bus,Fahrplan,,,
8589387,85,89387,5,"Bettingen, Bückenweg",20,,,823,BVB,2702,Bettingen,BS,*,*,,,"616,774","268,906",390,Bus,Fahrplan,,,
8589388,85,89388,3,"Bettingen, Chrischonaklinik",27,,,823,BVB,2702,Bettingen,BS,*,*,,,"618,514","268,842",495,Bus,Fahrplan,,,
8589389,85,89389,1,"Bettingen, Diakonissenhaus",26,,,823,BVB,2702,Bettingen,BS,*,*,,,"618,046","268,887",522,Bus,Fahrplan,,,
8589385,85,89385,9,"Bettingen, Dorf",15,,,823,BVB,2702,Bettingen,BS,*,*,,,"617,021","268,933",381,Bus,Fahrplan,,,1
8589390,85,89390,9,"Bettingen, Mennweg",18,,,823,BVB,2702,Bettingen,BS,*,*,,,"617,304","268,912",390,Bus,Fahrplan,,,
8589391,85,89391,7,"Bettingen, St. Chrischona",25,,,823,BVB,2702,Bettingen,BS,*,*,,,"618,405","268,992",488,Bus,Fahrplan,,,
8500203,85,203,0,Bettlach,8,,BET,11,SBB,2543,Bettlach,SO,*,*,,*,"599,222","227,111",441,Bus_Zug,Fahrplan,,,
8578204,85,78204,5,"Biel-Benken BL, Breite",22,,,879,BLT Auto,2764,Biel-Benken,BL,*,*,,,"607,153","261,903",327,Bus,Fahrplan,,,
8578208,85,78208,6,"Biel-Benken BL, Bruggmatt",25,,,879,BLT Auto,2764,Biel-Benken,BL,*,*,,,"606,366","261,367",319,Bus,Fahrplan,,,
8578206,85,78206,0,"Biel-Benken BL, Brücke",22,,,879,BLT Auto,2764,Biel-Benken,BL,*,*,,,"606,089","261,687",314,Bus,Fahrplan,,,
8500711,85,711,2,"Biel-Benken BL, Dorf",20,,,879,BLT Auto,2764,Biel-Benken,BL,*,*,,,"606,754","261,784",319,Bus,Fahrplan,,,1
8578209,85,78209,4,"Biel-Benken BL, Im Wyler",24,,,879,BLT Auto,2764,Biel-Benken,BL,*,*,,,"606,637","261,399",313,Bus,Fahrplan,,,
8578207,85,78207,8,"Biel-Benken BL, Kirchgasse",26,,,879,BLT Auto,2764,Biel-Benken,BL,*,*,,,"606,043","261,465",320,Bus,Fahrplan,,,
8588418,85,88418,9,"Biel-Benken BL, Stöckmatten",27,,,879,BLT Auto,2764,Biel-Benken,BL,*,*,,,"606,922","261,338",313,Bus,Fahrplan,,,
8578205,85,78205,2,"Biel-Benken BL, Unterdorf",25,,,879,BLT Auto,2764,Biel-Benken,BL,*,*,,,"606,510","261,725",311,Bus,Fahrplan,,,
8578156,85,78156,7,"Binningen, Allschwilerweg",25,,,879,BLT Auto,2765,Binningen,BL,*,*,,,"608,857","265,896",294,Bus,Fahrplan,,,
8500061,85,61,2,"Binningen, Bottmingermühle",26,,,37,BLT-blt,2767,Bottmingen,BL,*,*,,,"610,152","264,642",295,Tram,Fahrplan,,,
8500071,85,71,1,"Binningen, Dorenbach",20,,,37,BLT-blt,2701,Basel,BS,*,*,,,"610,496","265,898",291,Tram,Fahrplan,,,
8578149,85,78149,2,"Binningen, Drisselweg",21,,,879,BLT Auto,2765,Binningen,BL,*,*,,,"609,222","264,378",347,Bus,Fahrplan,,,
8589392,85,89392,5,"Binningen, Hohle Gasse",22,,,823,BVB,2765,Binningen,BL,*,*,,,"610,196","265,662",290,Bus_Tram,Fahrplan,,,
8578150,85,78150,0,"Binningen, Hügliacker",21,,,879,BLT Auto,2765,Binningen,BL,*,*,,,"609,390","264,636",337,Bus,Fahrplan,,,
8578152,85,78152,6,"Binningen, Kronenplatz",22,,,879,BLT Auto,2765,Binningen,BL,*,*,,,"610,020","265,266",284,Bus_Tram,Fahrplan,,,
8578154,85,78154,2,"Binningen, Meiriacker",21,,,879,BLT Auto,2765,Binningen,BL,*,*,,,"608,837","265,298",338,Bus,Fahrplan,,,
8578153,85,78153,4,"Binningen, Neubadrain",21,,,879,BLT Auto,2765,Binningen,BL,*,*,,,"609,479","265,412",323,Bus,Fahrplan,,,
8588784,85,88784,4,"Binningen, Oberdorf",19,,,37,BLT-blt,2765,Binningen,BL,*,*,,,"610,350","265,516",284,Tram,Fahrplan,,,
8500060,85,60,4,"Binningen, Schloss",18,,BINI,37,BLT-blt,2765,Binningen,BL,*,*,,,"610,280","265,186",284,Tram,Fahrplan,,,1
8578151,85,78151,8,"Binningen, Schwimmhalle",23,,,879,BLT Auto,2765,Binningen,BL,*,*,,,"609,670","264,920",323,Bus,Fahrplan,,,
8589393,85,89393,3,"Binningen, Spiegelfeld",22,,,823,BVB,2765,Binningen,BL,*,*,,,"609,920","264,764",293,Bus,Fahrplan,,,
8578155,85,78155,9,"Binningen, Tiefengraben",23,,,879,BLT Auto,2765,Binningen,BL,*,*,,,"609,091","265,806",323,Bus,Fahrplan,,,
8589394,85,89394,1,"Binningen, Zeigerweg",20,,,823,BVB,2765,Binningen,BL,*,*,,,"609,829","264,472",296,Bus,Fahrplan,,,
8530735,85,30735,5,Birsfelden Birschöpfli,22,,,191,BPG,2766,Birsfelden,BL,*,*,,,"613,602","267,517",260,Schiff,Fahrplan,,,
8589395,85,89395,8,"Birsfelden, Bären",17,,,823,BVB,2766,Birsfelden,BL,*,*,,,"613,598","267,101",254,Bus_Tram,Fahrplan,,,
8578308,85,78308,4,"Birsfelden, Friedhof",20,,,811,AAGL,2766,Birsfelden,BL,*,*,,,"614,252","267,158",254,Bus,Fahrplan,,,
8589396,85,89396,6,"Birsfelden, Hard",16,,,823,BVB,2766,Birsfelden,BL,*,*,,,"614,420","266,421",275,Bus_Tram,Fahrplan,,,
8578307,85,78307,6,"Birsfelden, Kirchmatt",21,,,811,AAGL,2766,Birsfelden,BL,*,*,,,"613,972","267,198",254,Bus,Fahrplan,,,
8589397,85,89397,4,"Birsfelden, Salinenstrasse",26,,,823,BVB,2766,Birsfelden,BL,*,*,,,"614,182","266,489",271,Bus_Tram,Fahrplan,,,
8578340,85,78340,7,"Birsfelden, Schulstrasse",24,,,823,BVB,2766,Birsfelden,BL,*,*,,,"613,873","266,912",258,Bus_Tram,Fahrplan,,,
8578309,85,78309,2,"Birsfelden, Stausee",19,,,811,AAGL,2766,Birsfelden,BL,*,*,,,"614,625","267,180",260,Bus,Fahrplan,,,
8578305,85,78305,0,"Birsfelden, Sternenfeld",23,,,811,AAGL,2766,Birsfelden,BL,*,*,,,"614,681","266,874",254,Bus,Fahrplan,,,
8578176,85,78176,5,"Bottmingen, Batteriestrasse",27,,,37,BLT-blt,2767,Bottmingen,BL,*,*,,,"610,146","264,118",292,Tram,Fahrplan,,,
8589398,85,89398,2,"Bottmingen, Blauenstrasse",25,,,823,BVB,2767,Bottmingen,BL,*,*,,,"609,757","264,018",300,Bus,Fahrplan,,,
8588067,85,88067,4,"Bottmingen, Bodenackerstrasse",29,,,879,BLT Auto,2767,Bottmingen,BL,*,*,,,"610,858","264,000",347,Bus,Fahrplan,,,
8578178,85,78178,1,"Bottmingen, Bruderholzspital",28,,,879,BLT Auto,2767,Bottmingen,BL,*,*,,,"610,829","264,101",344,Bus,Fahrplan,,,
8589976,85,89976,5,"Bottmingen, Drosselstrasse",26,,,879,BLT Auto,2767,Bottmingen,BL,*,*,,,"610,057","263,254",316,Bus,Fahrplan,,,
8578179,85,78179,9,"Bottmingen, Fiechthag",21,,,879,BLT Auto,2767,Bottmingen,BL,*,*,,,"610,830","263,564",347,Bus,Fahrplan,,,
8500062,85,62,0,"Bottmingen, Schloss",19,,BOTM,37,BLT-blt,2767,Bottmingen,BL,*,*,,,"610,015","263,735",292,Bus_Tram,Fahrplan,,,1
8589977,85,89977,3,"Bottmingen, Sichelweg",21,,,879,BLT Auto,2767,Bottmingen,BL,*,*,,,"609,976","263,094",321,Bus,Fahrplan,,,
8578197,85,78197,1,"Bottmingen, Stallenstrasse",26,,,879,BLT Auto,2767,Bottmingen,BL,*,*,,,"609,570","263,659",347,Bus,Fahrplan,,,
8589975,85,89975,7,"Bottmingen, Talholzstrasse",26,,,879,BLT Auto,2767,Bottmingen,BL,*,*,,,"609,955","263,451",297,Bus,Fahrplan,,,
8578248,85,78248,2,"Bretzwil, Eichhöhe",18,,,879,BLT Auto,2883,Bretzwil,BL,*,*,,,"616,936","249,598",625,Bus,Fahrplan,,,
8500082,85,82,8,Bubendorf,9,,BUDO,94,BLT-wb,2823,Bubendorf,BL,*,*,,,"622,841","256,578",360,Zug,Fahrplan,,,1
8500855,85,855,7,"Bubendorf, Bad",14,,,811,AAGL,2823,Bubendorf,BL,*,*,,,"622,880","256,585",360,Bus,Fahrplan,,,
8589399,85,89399,0,"Bubendorf, Grosstannen",22,,,811,AAGL,2823,Bubendorf,BL,*,*,,,"621,835","253,143",446,Bus,Fahrplan,,,
8589400,85,89400,6,"Bubendorf, Industrie Süd",24,,,811,AAGL,2823,Bubendorf,BL,*,*,,,"622,095","254,628",394,Bus,Fahrplan,,,
8578324,85,78324,1,"Bubendorf, Steingasse",21,,,811,AAGL,2823,Bubendorf,BL,*,*,,,"622,336","254,976",360,Bus,Fahrplan,,,
8578258,85,78258,1,"Bubendorf, Talhaus",18,,,879,BLT Auto,2823,Bubendorf,BL,*,*,,,"623,444","255,699",360,Bus,Fahrplan,,,1
8578323,85,78323,3,"Bubendorf, Unterdorf",20,,,811,AAGL,2823,Bubendorf,BL,*,*,,,"622,606","256,006",360,Bus,Fahrplan,,,
8500850,85,850,8,"Bubendorf, Zentrum",18,,,811,AAGL,2823,Bubendorf,BL,*,*,,,"622,421","255,493",360,Bus,Fahrplan,,,1
8500034,85,34,9,Buckten,7,,BUC,11,SBB,2843,Buckten,BL,*,*,,*,"630,882","250,988",520,Bus_Zug,Fahrplan,,,1
8578297,85,78297,9,"Buckten, Dorf",13,,BUCK,879,BLT Auto,2843,Buckten,BL,*,*,,,"630,643","251,121",505,Bus,Fahrplan,,,
8500067,85,67,9,"Bättwil, Dorf",13,,BTWI,37,BLT-blt,2471,Bättwil,SO,*,*,,,"605,376","259,823",369,Tram,Fahrplan,,,1
8595722,85,95722,5,"Bättwil, Grienacker",19,,,879,BLT Auto,2471,Bättwil,SO,*,*,,,"605,618","259,816",365,Bus,Fahrplan,,,
8595721,85,95721,7,"Bättwil, Müli",13,,,879,BLT Auto,2471,Bättwil,SO,*,*,,,"605,425","259,931",359,Bus,Fahrplan,,,
8578275,85,78275,5,"Böckten, Dorf",13,,,879,BLT Auto,2842,Böckten,BL,*,*,,,"630,089","256,974",386,Bus,Fahrplan,,,
8595472,85,95472,7,"Böckten, Rohrmatt",17,,,879,BLT Auto,2842,Böckten,BL,*,*,,,"630,335","257,060",389,Bus,Fahrplan,,,
8500209,85,209,7,Deitingen,9,,DN,11,SBB,2516,Deitingen,SO,*,*,,*,"613,655","229,714",429,Bus_Zug,Fahrplan,,,
8578283,85,78283,9,"Diegten, Eimatt",15,,,879,BLT Auto,2884,Diegten,BL,*,*,,,"628,152","252,518",505,Bus,Fahrplan,,,
8578285,85,78285,4,"Diegten, Hirschen",17,,,879,BLT Auto,2884,Diegten,BL,*,*,,,"628,116","251,478",474,Bus,Fahrplan,,,
8578286,85,78286,2,"Diegten, Mühle",14,,,879,BLT Auto,2884,Diegten,BL,*,*,,,"627,922","250,974",474,Bus,Fahrplan,,,1
8578287,85,78287,0,"Diegten, Oberdiegten",20,,,879,BLT Auto,2884,Diegten,BL,*,*,,,"627,990","250,585",474,Bus,Fahrplan,,,
8578284,85,78284,7,"Diegten, Weinburg",17,,,879,BLT Auto,2884,Diegten,BL,*,*,,,"628,069","252,014",469,Bus,Fahrplan,,,
8500031,85,31,5,Diepflingen,11,,DIE,11,SBB,2845,Diepflingen,BL,*,*,,*,"630,098","255,495",420,Bus_Zug,Fahrplan,,,
8578294,85,78294,6,"Diepflingen, Dorf",17,,DIED,879,BLT Auto,2845,Diepflingen,BL,*,*,,,"630,101","255,108",420,Bus,Fahrplan,,,
8588749,85,88749,7,"Dornach, Apfelsee",17,,,879,BLT Auto,2473,Dornach,SO,*,*,,,"612,848","258,444",338,Bus,Fahrplan,,,
8500692,85,692,4,"Dornach, Bahnhof",16,,DOBF,879,BLT Auto,2473,Dornach,SO,*,*,,,"612,981","259,832",295,Bus_Tram,Fahrplan,,,1
8588750,85,88750,5,"Dornach, Goetheanum",19,,,879,BLT Auto,2473,Dornach,SO,*,*,,,"613,507","259,320",338,Bus,Fahrplan,,,
8572205,85,72205,8,"Dornach, Gwändweg",17,,,879,BLT Auto,2473,Dornach,SO,*,*,,,"613,061","259,423",295,Bus,Fahrplan,,,
8589055,85,89055,8,"Dornach, Hügelweg",17,,,879,BLT Auto,2473,Dornach,SO,*,*,,,"613,402","259,684",294,Bus,Fahrplan,,,
8588751,85,88751,3,"Dornach, Metallwerke",20,,,879,BLT Auto,2473,Dornach,SO,*,*,,,"612,910","259,047",294,Bus,Fahrplan,,,
8572206,85,72206,6,"Dornach, Museumsplatz",21,,,879,BLT Auto,2473,Dornach,SO,*,*,,,"613,438","258,664",337,Bus,Fahrplan,,,
8588752,85,88752,1,"Dornach, Ober-Erli",18,,,879,BLT Auto,2473,Dornach,SO,*,*,,,"613,864","258,872",338,Bus,Fahrplan,,,
8588753,85,88753,9,"Dornach, Quidum",15,,,879,BLT Auto,2473,Dornach,SO,*,*,,,"613,701","258,659",294,Bus,Fahrplan,,,
8588754,85,88754,7,"Dornach, Schlatt",16,,,879,BLT Auto,2473,Dornach,SO,*,*,,,"613,102","258,535",294,Bus,Fahrplan,,,
8578224,85,78224,3,"Dornach, Spital",15,,,879,BLT Auto,2473,Dornach,SO,*,*,,,"613,203","259,691",308,Bus,Fahrplan,,,
8588755,85,88755,4,"Dornach, Unter-Erli",19,,,879,BLT Auto,2473,Dornach,SO,*,*,,,"613,531","258,982",294,Bus,Fahrplan,,,
8500118,85,118,0,Dornach-Arlesheim,17,,DOR,11,SBB,2473,Dornach,SO,*,*,*,*,"612,999","259,775",294,Zug,Fahrplan,,,
8500116,85,116,4,Duggingen,9,,DUG,11,SBB,2785,Duggingen,BL,*,*,,*,"612,430","255,863",316,Zug,Fahrplan,,,1
8502110,85,2110,5,Dulliken,8,,DU,11,SBB,2573,Dulliken,SO,*,*,*,*,"638,371","244,948",394,Bus_Zug,Fahrplan,,,
8502111,85,2111,3,Däniken,7,,DK,11,SBB,2572,Däniken,SO,*,*,,*,"640,807","245,200",381,Bus_Zug,Fahrplan,,,
8500214,85,214,7,Egerkingen,10,,EG,11,SBB,2401,Egerkingen,SO,*,*,*,*,"627,244","240,505",435,Bus_Zug,Fahrplan,,,
8578288,85,78288,8,"Eptingen, Edelweiss",19,,,879,BLT Auto,2885,Eptingen,BL,*,*,,,"628,434","248,894",567,Bus,Fahrplan,,,
8578289,85,78289,6,"Eptingen, Gemeindeplatz",23,,,879,BLT Auto,2885,Eptingen,BL,*,*,,,"628,800","248,400",567,Bus,Fahrplan,,,
8500065,85,65,3,"Ettingen, Bahnhof",17,,ET,37,BLT-blt,2768,Ettingen,BL,*,*,,,"608,093","259,229",326,Bus_Tram,Fahrplan,,,1
8500068,85,68,7,"Flüh, Bahnhof",13,,FLUE,37,BLT-blt,2476,Hofstetten-Flüh,SO,*,*,,,"604,562","259,812",296,Bus_Tram,Fahrplan,,,1
8588877,85,88877,6,"Frenkendorf, Bächliacker",24,,,811,AAGL,2824,Frenkendorf,BL,*,*,,,"620,927","261,064",324,Bus,Fahrplan,,,
8588878,85,88878,4,"Frenkendorf, Dorfplatz",22,,,811,AAGL,2824,Frenkendorf,BL,*,*,,,"620,826","261,395",329,Bus,Fahrplan,,,1
8594158,85,94158,3,"Frenkendorf, Friedhof",21,,,811,AAGL,2824,Frenkendorf,BL,*,*,,,"620,910","262,162",312,Bus,Fahrplan,,,
8589402,85,89402,2,"Frenkendorf, Mühlacker",22,,,811,AAGL,2824,Frenkendorf,BL,*,*,,,"621,122","260,990",313,Bus,Fahrplan,,,
8589403,85,89403,0,"Frenkendorf, Schule Egg",23,,,811,AAGL,2824,Frenkendorf,BL,*,*,,,"620,903","261,827",328,Bus,Fahrplan,,,
8500022,85,22,4,Frenkendorf-Füllinsdorf,23,,FRE,11,SBB,2824,Frenkendorf,BL,*,*,*,*,"621,132","261,227",311,Zug,Fahrplan,,,
8589401,85,89401,4,"Frenkendorf-Füllinsdorf, Bhf",28,"Frenkendorf-Füllinsdorf, Bahnhof",,811,AAGL,2824,Frenkendorf,BL,*,*,,,"621,138","261,268",310,Bus,Fahrplan,,,
8595444,85,95444,6,"Füllinsdorf, Ebene",18,,,811,AAGL,2825,Füllinsdorf,BL,*,*,,,"621,288","261,822",303,Bus,Fahrplan,,,
8589404,85,89404,8,"Füllinsdorf, Friedhofweg",24,,,811,AAGL,2825,Füllinsdorf,BL,*,*,,,"621,928","261,786",323,Bus,Fahrplan,,,
8589405,85,89405,5,"Füllinsdorf, Giebenacherstr.",28,,,811,AAGL,2825,Füllinsdorf,BL,*,*,,,"621,998","262,042",363,Bus,Fahrplan,,,
8578316,85,78316,7,"Füllinsdorf, Kittler",20,,,811,AAGL,2825,Füllinsdorf,BL,*,*,,,"621,221","262,416",293,Bus,Fahrplan,,,
8589407,85,89407,1,"Füllinsdorf, Niederschönthal",28,,,811,AAGL,2825,Füllinsdorf,BL,*,*,,,"621,655","261,300",294,Bus,Fahrplan,,,
8589408,85,89408,9,"Füllinsdorf, Obere Hofackerstr",30,,,811,AAGL,2825,Füllinsdorf,BL,*,*,,,"622,264","261,699",377,Bus,Fahrplan,,,
8589409,85,89409,7,"Füllinsdorf, Rössliplatz",24,,,811,AAGL,2825,Füllinsdorf,BL,*,*,,,"621,961","261,685",329,Bus,Fahrplan,,,
8578317,85,78317,5,"Füllinsdorf, Schönthal",22,,,811,AAGL,2825,Füllinsdorf,BL,*,*,,,"621,335","261,373",300,Bus,Fahrplan,,,
8500027,85,27,3,Gelterkinden,12,,GKD,11,SBB,2846,Gelterkinden,BL,*,*,,*,"630,839","257,314",403,Bus_Zug,Fahrplan,,,
8595473,85,95473,5,"Gelterkinden, Rohrbachweg",25,,,879,BLT Auto,2846,Gelterkinden,BL,*,*,,,"630,866","257,198",391,Bus,Fahrplan,,,
8572240,85,72240,5,"Giebenach, Lindenplatz",22,,,811,AAGL,2826,Giebenach,BL,*,*,,,"623,268","263,756",319,Bus,Fahrplan,,,
8578346,85,78346,4,"Giebenach, Rainweg",18,,,811,AAGL,2826,Giebenach,BL,*,*,,,"622,938","263,689",322,Bus,Fahrplan,,,
8500115,85,115,6,Grellingen,10,,GREL,11,SBB,2786,Grellingen,BL,*,*,*,*,"611,568","254,511",322,Zug,Fahrplan,,,
8500202,85,202,2,Grenchen Süd,12,,GS,11,SBB,2546,Grenchen,SO,*,*,*,*,"596,934","226,425",440,Bus_Zug,Fahrplan,,,
8500960,85,960,5,"Hersberg, Dorf",14,,,811,AAGL,2827,Hersberg,BL,*,*,,,"625,850","260,125",529,Bus,Fahrplan,,,
8572236,85,72236,3,"Hersberg, Schützen",18,,,811,AAGL,2827,Hersberg,BL,*,*,,,"625,925","259,950",529,Bus,Fahrplan,,,
8500094,85,94,3,Hirschlang,10,,HING,94,BLT-wb,2891,Niederdorf,BL,*,*,,,"623,892","251,083",461,Zug,Fahrplan,,,
8578303,85,78303,5,"Häfelfingen, Dorf",17,,,879,BLT Auto,2847,Häfelfingen,BL,*,*,,,"632,258","251,667",545,Bus,Fahrplan,,,
8578302,85,78302,7,"Häfelfingen, Weidweg",20,,,879,BLT Auto,2847,Häfelfingen,BL,*,*,,,"631,909","251,798",545,Bus,Fahrplan,,,
8500215,85,215,4,Hägendorf,9,,HAE,11,SBB,2579,Hägendorf,SO,*,*,*,*,"630,627","242,234",428,Bus_Zug,Fahrplan,,,
8500084,85,84,4,Hölstein,8,,HOE,94,BLT-wb,2886,Hölstein,BL,*,*,,,"625,088","253,011",423,Zug,Fahrplan,,,
8500092,85,92,7,Hölstein Süd,12,,HOES,94,BLT-wb,2886,Hölstein,BL,*,*,,,"624,839","252,515",432,Zug,Fahrplan,,,
8500093,85,93,5,Hölstein Weidbächli,19,,HOEW,94,BLT-wb,2886,Hölstein,BL,*,*,,,"624,514","252,053",446,Zug,Fahrplan,,,
8578250,85,78250,8,"Hölstein, Bahnhof",17,,,879,BLT Auto,2886,Hölstein,BL,*,*,,,"625,099","252,992",423,Bus,Fahrplan,,,
8578251,85,78251,6,"Hölstein, Oris",14,,,879,BLT Auto,2886,Hölstein,BL,*,*,,,"625,014","252,631",423,Bus,Fahrplan,,,
8592304,85,92304,5,"Hölstein, Süd",13,,,811,AAGL,2886,Hölstein,BL,*,*,,,"624,834","252,535",488,Bus,Fahrplan,,,
8592305,85,92305,2,"Hölstein, Weidbächli",20,,,811,AAGL,2886,Hölstein,BL,*,*,,,"624,508","252,057",468,Bus,Fahrplan,,,
8500025,85,25,7,Itingen,7,,IT,11,SBB,2849,Itingen,BL,*,*,,*,"626,281","257,446",359,Zug,Fahrplan,,,
8578298,85,78298,7,"Känerkinden, Dorf",17,,,879,BLT Auto,2850,Känerkinden,BL,*,*,,,"630,092","251,343",552,Bus,Fahrplan,,,
8588075,85,88075,7,"Känerkinden, Schulhaus",22,,,879,BLT Auto,2850,Känerkinden,BL,*,*,,,"630,189","251,553",552,Bus,Fahrplan,,,
8578255,85,78255,7,"Lampenberg, Bündtenweg",22,,,879,BLT Auto,2887,Lampenberg,BL,*,*,,,"624,219","253,097",396,Bus,Fahrplan,,,
8578254,85,78254,0,"Lampenberg, Dorf",16,,,879,BLT Auto,2887,Lampenberg,BL,*,*,,,"624,171","252,847",526,Bus,Fahrplan,,,
8500083,85,83,6,Lampenberg-Ramlinsburg,22,,LGRG,94,BLT-wb,2887,Lampenberg,BL,*,*,,,"624,332","254,685",396,Zug,Fahrplan,,,
8578256,85,78256,5,"Lampenberg-Ramlinsburg,Station",30,,,879,BLT Auto,2887,Lampenberg,BL,*,*,,,"624,363","254,647",396,Bus,Fahrplan,,,
8500113,85,113,1,Laufen,6,,LFN,11,SBB,2787,Laufen,BL,*,*,,*,"604,830","252,061",355,Zug,Fahrplan,,,
8500024,85,24,0,Lausen,6,,LSN,11,SBB,2828,Lausen,BL,*,*,*,*,"624,215","257,763",344,Zug,Fahrplan,,,
8589411,85,89411,3,"Lausen, Bahnhof",15,,,811,AAGL,2828,Lausen,BL,*,*,,,"624,197","257,777",399,Bus,Fahrplan,,,
8589412,85,89412,1,"Lausen, Bettleten",17,,,811,AAGL,2828,Lausen,BL,*,*,,,"623,832","257,956",343,Bus,Fahrplan,,,
8589413,85,89413,9,"Lausen, Furlen",14,,,811,AAGL,2828,Lausen,BL,*,*,,,"624,124","257,150",406,Bus,Fahrplan,,,
8589414,85,89414,7,"Lausen, Furlenboden",19,,,811,AAGL,2828,Lausen,BL,*,*,,,"624,071","257,475",375,Bus,Fahrplan,,,
8589415,85,89415,4,"Lausen, Gemeindeverwaltung",26,,,811,AAGL,2828,Lausen,BL,*,*,,,"624,185","258,102",311,Bus,Fahrplan,,,
8589416,85,89416,2,"Lausen, Kirchstrasse",20,,,811,AAGL,2828,Lausen,BL,*,*,,,"624,098","258,352",329,Bus,Fahrplan,,,
8593500,85,93500,7,"Lausen, Langmatt",16,,,879,BLT Auto,2828,Lausen,BL,*,*,,,"625,084","257,618",362,Bus,Fahrplan,,,
8594067,85,94067,6,"Lausen, Mülizelg",16,,,811,AAGL,2828,Lausen,BL,*,*,,,"624,638","257,767",343,Bus,Fahrplan,,,
8589417,85,89417,0,"Lausen, Ronda",13,,,811,AAGL,2828,Lausen,BL,*,*,,,"623,640","258,313",332,Bus,Fahrplan,,,
8589418,85,89418,8,"Lausen, Stutz",13,,,811,AAGL,2828,Lausen,BL,*,*,,,"624,770","258,236",347,Bus,Fahrplan,,,
8578246,85,78246,6,Lauwil,6,,,879,BLT Auto,2889,Lauwil,BL,*,*,,,"617,897","248,850",637,Bus,Fahrplan,,,
8578242,85,78242,5,"Liedertswil, Dorf",17,,,879,BLT Auto,2890,Liedertswil,BL,*,*,,,"621,181","249,000",633,Bus,Fahrplan,,,
8578243,85,78243,3,"Liedertswil, Sixfeld",20,,,879,BLT Auto,2890,Liedertswil,BL,*,*,,,"620,757","248,946",633,Bus,Fahrplan,,,
8500023,85,23,2,Liestal,7,,LST,11,SBB,2829,Liestal,BL,*,*,,*,"622,063","259,340",327,Bus_Zug,Fahrplan,,,
8572235,85,72235,5,"Liestal, Abzw. Hersberg",23,,,811,AAGL,2829,Liestal,BL,*,*,,,"624,850","259,875",497,Bus,Fahrplan,,,
8572230,85,72230,6,"Liestal, Altersheim",19,,,811,AAGL,2829,Liestal,BL,*,*,,,"622,900","259,525",350,Bus,Fahrplan,,,
8578321,85,78321,7,"Liestal, Altmarkt",17,,,811,AAGL,2829,Liestal,BL,*,*,,,"623,143","258,570",327,Bus,Fahrplan,,,
8572212,85,72212,4,"Liestal, Bahnhof",16,,,811,AAGL,2829,Liestal,BL,*,*,,,"622,086","259,325",340,Bus,Fahrplan,,,
8572214,85,72214,0,"Liestal, Burg",13,,,811,AAGL,2829,Liestal,BL,*,*,,,"622,473","259,006",327,Bus,Fahrplan,,,
8572215,85,72215,7,"Liestal, Eglisacker",19,,,811,AAGL,2829,Liestal,BL,*,*,,,"622,221","258,387",405,Bus,Fahrplan,,,
8589419,85,89419,6,"Liestal, Elektra",16,,,811,AAGL,2829,Liestal,BL,*,*,,,"622,262","259,684",314,Bus,Fahrplan,,,
8589420,85,89420,4,"Liestal, Fraumatt",17,,,811,AAGL,2829,Liestal,BL,*,*,,,"621,749","260,575",301,Bus,Fahrplan,,,
8572229,85,72229,8,"Liestal, Gestadeckplatz",23,,,811,AAGL,2829,Liestal,BL,*,*,,,"622,525","259,525",327,Bus,Fahrplan,,,
8589421,85,89421,2,"Liestal, Hallenbad",18,,,811,AAGL,2829,Liestal,BL,*,*,,,"623,073","259,166",318,Bus,Fahrplan,,,
8589422,85,89422,0,"Liestal, Heidenloch",19,,,811,AAGL,2829,Liestal,BL,*,*,,,"623,394","259,074",335,Bus,Fahrplan,,,
8589423,85,89423,8,"Liestal, Industriestrasse",25,,,811,AAGL,2829,Liestal,BL,*,*,,*,"621,279","260,385",312,Bus,Fahrplan,,,
8578318,85,78318,3,"Liestal, Kantonsspital",22,,,811,AAGL,2829,Liestal,BL,*,*,,,"621,999","259,641",327,Bus,Fahrplan,,,
8589425,85,89425,3,"Liestal, Kessel",15,,,811,AAGL,2829,Liestal,BL,*,*,,,"621,969","260,102",313,Bus,Fahrplan,,,
8572216,85,72216,5,"Liestal, Kinderheim auf Berg",28,,,811,AAGL,2829,Liestal,BL,*,*,,,"622,050","257,850",449,Bus,Fahrplan,,,
8572233,85,72233,0,"Liestal, Leisenberg",19,,,811,AAGL,2829,Liestal,BL,*,*,,,"623,575","259,350",375,Bus,Fahrplan,,,
8589426,85,89426,1,"Liestal, Munzach",16,,,811,AAGL,2829,Liestal,BL,*,*,,,"621,261","259,969",325,Bus,Fahrplan,,,
8500858,85,858,1,"Liestal, Radacker",17,,,811,AAGL,2829,Liestal,BL,*,*,,,"621,540","260,361",327,Bus,Fahrplan,,,
8595445,85,95445,3,"Liestal, Ringwald",17,,,811,AAGL,2829,Liestal,BL,*,*,,,"621,419","260,886",306,Bus,Fahrplan,,,
8594336,85,94336,5,"Liestal, Schildareal",20,,,811,AAGL,2829,Liestal,BL,*,*,,,"621,746","259,992",309,Bus,Fahrplan,,,
8500859,85,859,9,"Liestal, Stadion",16,,,811,AAGL,2829,Liestal,BL,*,*,,,"622,982","258,667",324,Bus,Fahrplan,,,
8578320,85,78320,9,"Liestal, Wasserturmplatz",24,,,811,AAGL,2829,Liestal,BL,*,*,,,"622,356","259,156",324,Bus,Fahrplan,,,
8572234,85,72234,8,"Liestal, Windenthal",19,,,811,AAGL,2829,Liestal,BL,*,*,,,"624,079","259,475",431,Bus,Fahrplan,,,
8572232,85,72232,2,"Liestal, im Rank",16,,,811,AAGL,2829,Liestal,BL,*,*,,,"623,370","259,241",361,Bus,Fahrplan,,,
8572231,85,72231,4,"Liestal, äussere Arisdörferstr",30,,,811,AAGL,2829,Liestal,BL,*,*,,,"623,100","259,350",360,Bus,Fahrplan,,,
8500971,85,971,2,"Lupsingen, Dorf",15,,,811,AAGL,2830,Lupsingen,BL,*,*,,*,"619,250","255,025",431,Bus,Fahrplan,,,
8580812,85,80812,1,"Lupsingen, Höfli",16,,,811,AAGL,2830,Lupsingen,BL,*,*,,,"619,820","255,250",460,Bus,Fahrplan,,,
8580563,85,80563,0,"Lupsingen, Mehrzweckhalle",25,,,811,AAGL,2830,Lupsingen,BL,*,*,,,"619,415","255,197",425,Bus,Fahrplan,,,
8572219,85,72219,9,"Lupsingen, Oristalbrücke",24,,,811,AAGL,2830,Lupsingen,BL,*,*,,,"619,550","256,100",394,Bus,Fahrplan,,,
8580564,85,80564,8,"Lupsingen, Schützenhaus",23,,,811,AAGL,2830,Lupsingen,BL,*,*,,,"620,100","255,550",467,Bus,Fahrplan,,,
8500208,85,208,9,Luterbach-Attisholz,19,,LUT,11,SBB,2527,Luterbach,SO,*,*,*,*,"610,975","229,589",430,Bus_Zug,Fahrplan,,,
8500035,85,35,6,Läufelfingen,12,,LF,11,SBB,2852,Läufelfingen,BL,*,*,,*,"631,528","249,117",559,Bus_Zug,Fahrplan,,,
8592449,85,92449,8,"Läufelfingen, Bahnhof",21,,,879,BLT Auto,2852,Läufelfingen,BL,*,*,,,"631,545","249,154",561,Bus,Fahrplan,,,
8587564,85,87564,1,"Läufelfingen, Dorf",18,,,879,BLT Auto,2852,Läufelfingen,BL,*,*,,,"631,447","249,492",559,Bus,Fahrplan,,,
8500020,85,20,8,Muttenz,7,,MU,11,SBB,2770,Muttenz,BL,*,*,*,*,"615,757","264,782",281,Bus_Zug,Fahrplan,,,
8530784,85,30784,3,Muttenz Schifflände,19,,,191,BPG,2770,Muttenz,BL,*,*,,,"615,635","266,540",274,Schiff,Fahrplan,,,
8578311,85,78311,8,"Muttenz, Auhafen",16,,,811,AAGL,2770,Muttenz,BL,*,*,,,"616,680","265,178",266,Bus,Fahrplan,,,
8578193,85,78193,0,"Muttenz, Bahnhof",16,,,879,BLT Auto,2770,Muttenz,BL,*,*,,,"615,748","264,737",281,Bus,Fahrplan,,,
8588159,85,88159,9,"Muttenz, Bizenen",16,,,879,BLT Auto,2770,Muttenz,BL,*,*,,,"616,088","264,495",273,Bus,Fahrplan,,,
8500256,85,256,8,"Muttenz, Dorf",13,,,37,BLT-blt,2770,Muttenz,BL,*,*,,,"615,713","263,986",286,Bus_Tram,Fahrplan,,,
8578195,85,78195,5,"Muttenz, Fachhochschule",23,,,879,BLT Auto,2770,Muttenz,BL,*,*,,,"615,028","264,900",281,Bus,Fahrplan,,,
8517409,85,17409,4,"Muttenz, Freidorf",17,,,823,BVB,2770,Muttenz,BL,*,*,,,"614,143","265,002",273,Tram,Fahrplan,,,
8578194,85,78194,8,"Muttenz, Genossenschaftsstr.",28,,,879,BLT Auto,2770,Muttenz,BL,*,*,,,"615,266","264,832",281,Bus,Fahrplan,,,
8578189,85,78189,8,"Muttenz, Hallenbad",18,,,879,BLT Auto,2770,Muttenz,BL,*,*,,,"614,983","263,982",281,Bus,Fahrplan,,,
8588068,85,88068,2,"Muttenz, Infrapark",18,,,879,BLT Auto,2770,Muttenz,BL,*,*,,,"617,033","264,618",281,Bus,Fahrplan,,,
8578192,85,78192,2,"Muttenz, Kirschgartenstrasse",28,,,879,BLT Auto,2770,Muttenz,BL,*,*,,,"615,690","264,416",281,Bus,Fahrplan,,,
8517410,85,17410,2,"Muttenz, Käppeli",16,,,823,BVB,2770,Muttenz,BL,*,*,,,"614,385","264,729",278,Tram,Fahrplan,,,
8578196,85,78196,3,"Muttenz, Lutzert",16,,,879,BLT Auto,2770,Muttenz,BL,*,*,,,"614,726","264,828",281,Bus,Fahrplan,,,
8578190,85,78190,6,"Muttenz, Mittenza",17,,,879,BLT Auto,2770,Muttenz,BL,*,*,,,"615,564","263,600",281,Bus,Fahrplan,,,
8588070,85,88070,8,"Muttenz, Novartis",17,,,879,BLT Auto,2770,Muttenz,BL,*,*,,,"617,456","264,557",269,Bus,Fahrplan,,,
8593504,85,93504,9,"Muttenz, Pantheon",17,,,879,BLT Auto,2770,Muttenz,BL,*,*,,,"614,635","265,115",276,Bus,Fahrplan,,,
8517411,85,17411,0,"Muttenz, Rothausstrasse",23,,,823,BVB,2770,Muttenz,BL,*,*,,,"616,382","263,819",285,Tram,Fahrplan,,,
8588069,85,88069,0,"Muttenz, Schweizerhalle",23,,,879,BLT Auto,2770,Muttenz,BL,*,*,,,"617,306","264,750",269,Bus,Fahrplan,,,
8517412,85,17412,8,"Muttenz, Schützenstrasse",24,,,823,BVB,2770,Muttenz,BL,*,*,,,"615,250","264,244",283,Tram,Fahrplan,,,
8595601,85,95601,1,"Muttenz, Untere Hard",20,,,811,AAGL,2770,Muttenz,BL,*,*,,,"614,743","266,346",250,Bus,Fahrplan,,,
8578188,85,78188,0,"Muttenz, Unterwart",18,,,879,BLT Auto,2770,Muttenz,BL,*,*,,,"614,383","264,367",284,Bus,Fahrplan,,,
8500853,85,853,2,"Muttenz, Waldhaus",17,,,811,AAGL,2770,Muttenz,BL,*,*,,,"615,574","266,016",254,Bus,Fahrplan,,,
8517413,85,17413,6,"Muttenz, Zum Park",17,,,823,BVB,2770,Muttenz,BL,*,*,,,"614,989","264,460",281,Tram,Fahrplan,,,
8500119,85,119,8,Münchenstein,12,,MST,11,SBB,2769,Münchenstein,BL,*,*,*,*,"613,481","262,531",273,Zug,Fahrplan,,,
8595636,85,95636,7,"Münchenstein, APH Hofmatt",25,,,879,BLT Auto,2769,Münchenstein,BL,*,*,,,"613,261","263,080",280,Bus,Fahrplan,,,
8593502,85,93502,3,"Münchenstein, Bahnhof",21,,,879,BLT Auto,2769,Münchenstein,BL,*,*,,,"613,497","262,536",273,Bus,Fahrplan,,,
8578186,85,78186,4,"Münchenstein, Birseckstrasse",28,,,879,BLT Auto,2769,Münchenstein,BL,*,*,,,"613,380","263,862",273,Bus_Tram,Fahrplan,,,
8500076,85,76,0,"Münchenstein, Dorf",18,,MSTD,37,BLT-blt,2769,Münchenstein,BL,*,*,,,"613,625","262,390",278,Tram,Fahrplan,,,
8588785,85,88785,1,"Münchenstein, Elektra Birseck",29,,,37,BLT-blt,2769,Münchenstein,BL,*,*,,,"613,602","262,775",278,Bus_Tram,Fahrplan,,,
8578183,85,78183,1,"Münchenstein, Florastrasse",26,,,879,BLT Auto,2769,Münchenstein,BL,*,*,,,"613,157","263,339",273,Bus,Fahrplan,,,
8500235,85,235,2,"Münchenstein, Freilager",23,,,37,BLT-blt,2769,Münchenstein,BL,*,*,,,"613,014","264,603",283,Tram,Fahrplan,,,
8594681,85,94681,4,"Münchenstein, Friedhof",22,,,879,BLT Auto,2769,Münchenstein,BL,*,*,,,"613,741","262,527",299,Bus,Fahrplan,,,
8588786,85,88786,9,"Münchenstein, Gartenstadt",25,,,37,BLT-blt,2769,Münchenstein,BL,*,*,,,"612,711","263,339",278,Bus_Tram,Fahrplan,,,
8578181,85,78181,5,"Münchenstein, Grabenacker",25,,,879,BLT Auto,2769,Münchenstein,BL,*,*,,,"612,525","263,741",273,Bus,Fahrplan,,,
8588787,85,88787,7,"Münchenstein, Heiligholz",24,,,37,BLT-blt,2769,Münchenstein,BL,*,*,,,"612,434","262,876",278,Tram,Fahrplan,,,
8500095,85,95,0,"Münchenstein, Hofmatt",21,,HOFM,37,BLT-blt,2769,Münchenstein,BL,*,*,,,"613,521","263,224",268,Bus_Tram,Fahrplan,,,
8595637,85,95637,5,"Münchenstein, Klinik Birshof",28,,,879,BLT Auto,2769,Münchenstein,BL,*,*,,,"612,535","264,141",290,Bus,Fahrplan,,,
8530777,85,30777,7,"Münchenstein, Loogstrasse",25,,MSTL,37,BLT-blt,2769,Münchenstein,BL,*,*,,,"612,915","263,508",285,Tram,Fahrplan,,,
8588072,85,88072,4,"Münchenstein, Neuewelt",22,,MSTN,37,BLT-blt,2769,Münchenstein,BL,*,*,,,"613,230","264,228",272,Bus_Tram,Fahrplan,,,
8578184,85,78184,9,"Münchenstein, Pumpwerkstrasse",29,,,879,BLT Auto,2769,Münchenstein,BL,*,*,,,"613,373","263,179",273,Bus,Fahrplan,,,
8588073,85,88073,2,"Münchenstein, Schaulager",24,,MSTS,37,BLT-blt,2769,Münchenstein,BL,*,*,,,"613,027","264,127",278,Bus_Tram,Fahrplan,,,
8594682,85,94682,2,"Münchenstein, Schlossmatt",25,,,879,BLT Auto,2769,Münchenstein,BL,*,*,,,"614,321","262,359",370,Bus,Fahrplan,,,
8588788,85,88788,5,"Münchenstein, Spengler",22,,,37,BLT-blt,2769,Münchenstein,BL,*,*,,,"613,049","263,869",278,Tram,Fahrplan,,,
8595638,85,95638,3,"Münchenstein, Sportplatz Au",27,,,879,BLT Auto,2769,Münchenstein,BL,*,*,,,"613,156","262,597",276,Bus,Fahrplan,,,
8592452,85,92452,2,"Münchenstein, Trotte",20,,,879,BLT Auto,2769,Münchenstein,BL,*,*,,,"613,725","262,432",297,Bus,Fahrplan,,,
8594683,85,94683,0,"Münchenstein, Zelgweg",21,,,879,BLT Auto,2769,Münchenstein,BL,*,*,,,"614,041","262,465",336,Bus,Fahrplan,,,
8588789,85,88789,3,"Münchenstein, Zollweiden",24,,,37,BLT-blt,2769,Münchenstein,BL,*,*,,,"613,446","263,614",334,Bus_Tram,Fahrplan,,,
8578180,85,78180,7,"Münchenstein,Motorfahrzeug-Prü",30,,,879,BLT Auto,2769,Münchenstein,BL,*,*,,,"612,388","263,908",285,Bus,Fahrplan,,,
8500085,85,85,1,Niederdorf,10,,NDF,94,BLT-wb,2891,Niederdorf,BL,*,*,,,"623,643","250,444",469,Zug,Fahrplan,,,
8592306,85,92306,0,"Niederdorf, Hirschlang",22,,,811,AAGL,2891,Niederdorf,BL,*,*,,,"623,884","251,087",481,Bus,Fahrplan,,,
8592307,85,92307,8,"Niederdorf, Station",19,,,811,AAGL,2891,Niederdorf,BL,*,*,,,"623,637","250,466",481,Bus,Fahrplan,,,
8578267,85,78267,2,"Nusshof, Abzw.",14,,,879,BLT Auto,2854,Nusshof,BL,*,*,,,"628,063","260,137",591,Bus,Fahrplan,,,
8578268,85,78268,0,"Nusshof, Dorf",13,,,879,BLT Auto,2854,Nusshof,BL,*,*,,,"627,581","260,223",533,Bus,Fahrplan,,,
8578269,85,78269,8,"Nusshof, Hübel",14,,,879,BLT Auto,2854,Nusshof,BL,*,*,,,"627,616","260,072",550,Bus,Fahrplan,,,
8500213,85,213,9,Oberbuchsiten,13,,OB,11,SBB,2406,Oberbuchsiten,SO,*,*,*,*,"625,189","239,427",442,Bus_Zug,Fahrplan,,,
8500086,85,86,9,Oberdorf BL,11,,ODBL,94,BLT-wb,2892,Oberdorf (BL),BL,*,*,,,"623,426","249,079",499,Zug,Fahrplan,,,
8500088,85,88,5,Oberdorf BL Winkelweg,21,,ODBW,94,BLT-wb,2892,Oberdorf (BL),BL,*,*,,,"623,418","249,637",491,Zug,Fahrplan,,,
8578240,85,78240,9,"Oberdorf BL, Bahnhof",20,,,879,BLT Auto,2892,Oberdorf (BL),BL,*,*,,,"623,436","249,138",508,Bus,Fahrplan,,,
8578241,85,78241,7,"Oberdorf BL, Winkelweg",22,,,879,BLT Auto,2892,Oberdorf (BL),BL,*,*,,,"623,447","249,573",491,Bus,Fahrplan,,,
8578198,85,78198,9,"Oberwil BL, Auf der Wacht",25,,,879,BLT Auto,2771,Oberwil (BL),BL,*,*,,,"609,421","263,471",297,Bus,Fahrplan,,,
8588711,85,88711,7,"Oberwil BL, Baumgartenweg",25,,,879,BLT Auto,2771,Oberwil (BL),BL,*,*,,,"608,802","262,998",301,Bus,Fahrplan,,,
8587559,85,87559,1,"Oberwil BL, Bertschenacker",26,,,879,BLT Auto,2771,Oberwil (BL),BL,*,*,,,"608,942","263,819",297,Bus,Fahrplan,,,
8589985,85,89985,6,"Oberwil BL, Bleimatt",20,,,879,BLT Auto,2771,Oberwil (BL),BL,*,*,,,"609,056","262,167",298,Bus,Fahrplan,,,
8589982,85,89982,3,"Oberwil BL, Bottmingerstrasse",29,,,879,BLT Auto,2771,Oberwil (BL),BL,*,*,,,"609,300","262,761",298,Bus,Fahrplan,,,
8578199,85,78199,7,"Oberwil BL, Bündtenweg",22,,,879,BLT Auto,2771,Oberwil (BL),BL,*,*,,,"609,054","262,910",297,Bus,Fahrplan,,,
8589984,85,89984,9,"Oberwil BL, Drei Linden",23,,,879,BLT Auto,2771,Oberwil (BL),BL,*,*,,,"609,180","262,260",300,Bus,Fahrplan,,,
8589981,85,89981,5,"Oberwil BL, Goldbrunnen",23,,,879,BLT Auto,2771,Oberwil (BL),BL,*,*,,,"609,547","262,569",336,Bus,Fahrplan,,,
8593505,85,93505,6,"Oberwil BL, Gymnasium",21,,,879,BLT Auto,2771,Oberwil (BL),BL,*,*,,,"608,272","263,556",347,Bus,Fahrplan,,,
8589979,85,89979,9,"Oberwil BL, Hallenrain",22,,,879,BLT Auto,2771,Oberwil (BL),BL,*,*,,,"609,472","262,775",305,Bus,Fahrplan,,,
8589978,85,89978,1,"Oberwil BL, Hochletten",22,,,879,BLT Auto,2771,Oberwil (BL),BL,*,*,,,"609,759","262,862",324,Bus,Fahrplan,,,
8588714,85,88714,1,"Oberwil BL, Hohestrasse",23,,,879,BLT Auto,2771,Oberwil (BL),BL,*,*,,,"608,644","263,268",352,Bus,Fahrplan,,,
8500072,85,72,9,"Oberwil BL, Hüslimatt",21,,HLIM,37,BLT-blt,2771,Oberwil (BL),BL,*,*,,,"608,788","261,761",294,Bus_Tram,Fahrplan,,,
8593506,85,93506,4,"Oberwil BL, Im Buech",20,,,879,BLT Auto,2771,Oberwil (BL),BL,*,*,,,"607,864","264,124",340,Bus,Fahrplan,,,
8589983,85,89983,1,"Oberwil BL, Langegasse",22,,,879,BLT Auto,2771,Oberwil (BL),BL,*,*,,,"609,220","262,472",296,Bus,Fahrplan,,,
8589980,85,89980,7,"Oberwil BL, Lätten",18,,,879,BLT Auto,2771,Oberwil (BL),BL,*,*,,,"609,697","262,576",332,Bus,Fahrplan,,,
8588713,85,88713,3,"Oberwil BL, Mühlematt",21,,,879,BLT Auto,2771,Oberwil (BL),BL,*,*,,,"608,772","262,065",301,Bus,Fahrplan,,,
8594162,85,94162,5,"Oberwil BL, Rohrhagstrasse",26,,,879,BLT Auto,2771,Oberwil (BL),BL,*,*,,,"609,583","262,911",306,Bus,Fahrplan,,,
8578203,85,78203,7,"Oberwil BL, Rüti",16,,,879,BLT Auto,2771,Oberwil (BL),BL,*,*,,,"607,739","262,098",339,Bus,Fahrplan,,,
8578201,85,78201,1,"Oberwil BL, Schwanen",20,,,879,BLT Auto,2771,Oberwil (BL),BL,*,*,,,"608,721","262,506",297,Bus,Fahrplan,,,
8588790,85,88790,1,"Oberwil BL, Stallen",19,,OSTA,37,BLT-blt,2771,Oberwil (BL),BL,*,*,,,"609,420","263,146",297,Tram,Fahrplan,,,
8578202,85,78202,9,"Oberwil BL, Vorderberg",22,,,879,BLT Auto,2771,Oberwil (BL),BL,*,*,,,"608,111","262,206",297,Bus,Fahrplan,,,
8500063,85,63,8,"Oberwil BL, Zentrum",19,,OW,37,BLT-blt,2771,Oberwil (BL),BL,*,*,,*,"609,090","262,675",297,Bus_Tram,Fahrplan,,,
8500212,85,212,1,Oensingen,9,,OEN,11,SBB,2407,Oensingen,SO,*,*,*,*,"620,519","237,161",462,Bus_Zug,Fahrplan,,,
8500218,85,218,8,Olten,5,,OL,11,SBB,2581,Olten,SO,*,*,,*,"635,441","244,670",396,Bus_Zug,Fahrplan,,,
8500217,85,217,0,Olten Hammer,12,,OLH,11,SBB,2581,Olten,SO,*,*,*,*,"634,689","244,290",403,Bus_Zug,Fahrplan,,,
8578234,85,78234,2,"Pfeffingen, Bellevue",20,,,879,BLT Auto,2772,Pfeffingen,BL,*,*,,,"611,620","256,627",394,Bus,Fahrplan,,,
8578236,85,78236,7,"Pfeffingen, Bergmattenweg",25,,,879,BLT Auto,2772,Pfeffingen,BL,*,*,,,"610,914","256,526",394,Bus,Fahrplan,,,
8578235,85,78235,9,"Pfeffingen, Post",16,,,879,BLT Auto,2772,Pfeffingen,BL,*,*,,,"611,376","256,548",394,Bus,Fahrplan,,,
8500021,85,21,6,Pratteln,8,,PR,11,SBB,2831,Pratteln,BL,*,*,*,*,"618,993","263,577",290,Bus_Zug,Fahrplan,,,
8517131,85,17131,4,Pratteln Salina Raurica,23,,PRSR,11,SBB,2831,Pratteln,BL,*,*,,*,"620,426","264,462",272,Bus_Zug,Fahrplan,,,
8595149,85,95149,1,"Pratteln, Aegelmatt",19,,,811,AAGL,2831,Pratteln,BL,*,*,,,"618,293","263,231",287,Bus,Fahrplan,,,
8595150,85,95150,9,"Pratteln, Altersheim",20,,,811,AAGL,2831,Pratteln,BL,*,*,,,"619,075","263,203",296,Bus,Fahrplan,,,
8578351,85,78351,4,"Pratteln, Bahnhof",17,,,811,AAGL,2831,Pratteln,BL,*,*,,,"619,077","263,523",288,Bus,Fahrplan,,,
8594994,85,94994,1,"Pratteln, Bahnhof Nord",22,,,811,AAGL,2831,Pratteln,BL,*,*,,,"618,999","263,634",288,Bus,Fahrplan,,,
8517414,85,17414,4,"Pratteln, Bahnhofstrasse",24,,,823,BVB,2831,Pratteln,BL,*,*,,,"619,069","263,414",289,Bus_Tram,Fahrplan,,,
8595704,85,95704,3,"Pratteln, Breiti",16,,,811,AAGL,2831,Pratteln,BL,*,*,,,"618,614","263,017",283,Bus,Fahrplan,,,
8595702,85,95702,7,"Pratteln, Chästeli",18,,,811,AAGL,2831,Pratteln,BL,*,*,,,"618,128","263,240",283,Bus,Fahrplan,,,
8595152,85,95152,5,"Pratteln, Friedhof Blözen",25,,,811,AAGL,2831,Pratteln,BL,*,*,,,"620,457","263,239",350,Bus,Fahrplan,,,
8578354,85,78354,8,"Pratteln, Gehrenacker",21,,,811,AAGL,2831,Pratteln,BL,*,*,,,"620,000","263,375",279,Bus,Fahrplan,,,
8517415,85,17415,1,"Pratteln, Gempenstrasse",23,,,823,BVB,2831,Pratteln,BL,*,*,,,"618,846","263,437",287,Tram,Fahrplan,,,
8588855,85,88855,2,"Pratteln, Grüssen",17,,,811,AAGL,2831,Pratteln,BL,*,*,,,"618,734","264,092",288,Bus,Fahrplan,,,
8578314,85,78314,2,"Pratteln, Hardwasser",20,,,811,AAGL,2831,Pratteln,BL,*,*,,,"619,667","264,668",268,Bus,Fahrplan,,,
8578315,85,78315,9,"Pratteln, Hülften",17,,,811,AAGL,2831,Pratteln,BL,*,*,,,"621,064","263,305",289,Bus,Fahrplan,,,
8578355,85,78355,5,"Pratteln, Krummeneich",21,,,811,AAGL,2831,Pratteln,BL,*,*,,,"619,908","263,641",276,Bus,Fahrplan,,,
8517416,85,17416,9,"Pratteln, Kästeli",17,,,823,BVB,2831,Pratteln,BL,*,*,,,"618,125","263,434",288,Tram,Fahrplan,,,
8517417,85,17417,7,"Pratteln, Lachmatt",18,,,823,BVB,2831,Pratteln,BL,*,*,,,"617,493","263,376",287,Tram,Fahrplan,,,
8588621,85,88621,8,"Pratteln, Lindli",16,,,811,AAGL,2831,Pratteln,BL,*,*,,,"619,743","263,200",288,Bus,Fahrplan,,,
8578350,85,78350,6,"Pratteln, Längi",15,,,811,AAGL,2831,Pratteln,BL,*,*,,,"620,473","264,776",271,Bus,Fahrplan,,,
8595155,85,95155,8,"Pratteln, Meierhofweg",21,,,811,AAGL,2831,Pratteln,BL,*,*,,,"619,837","263,010",301,Bus,Fahrplan,,,
8588163,85,88163,1,"Pratteln, Münchacker",20,,,811,AAGL,2831,Pratteln,BL,*,*,,,"619,340","263,945",280,Bus,Fahrplan,,,
8578356,85,78356,3,"Pratteln, Rankacker",19,,,811,AAGL,2831,Pratteln,BL,*,*,,,"620,365","263,658",276,Bus,Fahrplan,,,
8595156,85,95156,6,"Pratteln, Rosenmatt",19,,,811,AAGL,2831,Pratteln,BL,*,*,,,"618,672","263,125",296,Bus,Fahrplan,,,
8595701,85,95701,9,"Pratteln, Rührbergweg",21,,,811,AAGL,2831,Pratteln,BL,*,*,,,"619,137","263,993",280,Bus,Fahrplan,,,
8595703,85,95703,5,"Pratteln, Rütscheten",20,,,811,AAGL,2831,Pratteln,BL,*,*,,,"618,302","263,082",283,Bus,Fahrplan,,,
8578313,85,78313,4,"Pratteln, Saline",16,,,811,AAGL,2831,Pratteln,BL,*,*,,,"617,953","264,537",280,Bus,Fahrplan,,,
8578353,85,78353,0,"Pratteln, Schloss",17,,,811,AAGL,2831,Pratteln,BL,*,*,,,"619,354","263,103",274,Bus,Fahrplan,,,
8578352,85,78352,2,"Pratteln, Schlossstrasse",24,,,811,AAGL,2831,Pratteln,BL,*,*,,,"619,250","263,400",288,Bus_Tram,Fahrplan,,,
8595705,85,95705,0,"Pratteln, Schmittiplatz",23,,,811,AAGL,2831,Pratteln,BL,*,*,,,"619,274","263,000",284,Bus,Fahrplan,,,
8595153,85,95153,3,"Pratteln, Zentrum Grüssen",25,,,811,AAGL,2831,Pratteln,BL,*,*,,,"618,920","264,150",289,Bus,Fahrplan,,,
8593507,85,93507,2,"Ramlinsburg, Brunnacker",23,,,879,BLT Auto,2832,Ramlinsburg,BL,*,*,,,"624,775","255,645",510,Bus,Fahrplan,,,
8578257,85,78257,3,"Ramlinsburg, Niderhof",21,,,879,BLT Auto,2832,Ramlinsburg,BL,*,*,,,"624,418","255,565",497,Bus,Fahrplan,,,
8578329,85,78329,0,"Reigoldswil, Bütschen",21,,,811,AAGL,2893,Reigoldswil,BL,*,*,,,"619,239","251,224",512,Bus,Fahrplan,,,
8500852,85,852,4,"Reigoldswil, Dorfplatz",22,,,811,AAGL,2893,Reigoldswil,BL,*,*,,,"619,116","249,650",512,Bus,Fahrplan,,,
8578331,85,78331,6,"Reigoldswil, Gemeindezentrum",28,,,811,AAGL,2893,Reigoldswil,BL,*,*,,,"619,070","249,820",512,Bus,Fahrplan,,,
8578244,85,78244,1,"Reigoldswil, Hoggen",19,,,879,BLT Auto,2893,Reigoldswil,BL,*,*,,,"619,689","249,543",608,Bus,Fahrplan,,,
8578330,85,78330,8,"Reigoldswil, Linde",18,,,811,AAGL,2893,Reigoldswil,BL,*,*,,,"618,974","250,260",512,Bus,Fahrplan,,,
8578247,85,78247,4,"Reigoldswil, Marchmatt",22,,,879,BLT Auto,2893,Reigoldswil,BL,*,*,,,"617,619","250,059",636,Bus,Fahrplan,,,
8578219,85,78219,3,"Reinach BL, Aumatten",20,,,879,BLT Auto,2773,Reinach (BL),BL,*,*,,,"612,050","260,221",308,Bus,Fahrplan,,,
8578216,85,78216,9,"Reinach BL, Bodmenstrasse",25,,,879,BLT Auto,2773,Reinach (BL),BL,*,*,,,"610,883","260,373",308,Bus,Fahrplan,,,
8578220,85,78220,1,"Reinach BL, Bruggstrasse",24,,,879,BLT Auto,2773,Reinach (BL),BL,*,*,,,"612,030","259,906",303,Bus,Fahrplan,,,
8578215,85,78215,1,"Reinach BL, Chäppeli",20,,,879,BLT Auto,2773,Reinach (BL),BL,*,*,,,"610,335","260,372",308,Bus,Fahrplan,,,
8500051,85,51,3,"Reinach BL, Dorf",16,,RACH,37,BLT-blt,2773,Reinach (BL),BL,*,*,,,"611,345","260,244",308,Bus_Tram,Fahrplan,,,
8578218,85,78218,5,"Reinach BL, Landererstrasse",27,,,879,BLT Auto,2773,Reinach (BL),BL,*,*,,,"611,666","260,309",303,Bus_Tram,Fahrplan,,,
8588791,85,88791,9,"Reinach BL, Landhof",19,,,37,BLT-blt,2773,Reinach (BL),BL,*,*,,,"612,134","261,188",306,Bus_Tram,Fahrplan,,,
8588792,85,88792,7,"Reinach BL, Lochacker",21,,,37,BLT-blt,2773,Reinach (BL),BL,*,*,,,"611,864","260,805",306,Bus_Tram,Fahrplan,,,
8578221,85,78221,9,"Reinach BL, Neu-Reinach",23,,,879,BLT Auto,2773,Reinach (BL),BL,*,*,,,"612,639","259,783",295,Bus,Fahrplan,,,
8589234,85,89234,9,"Reinach BL, Neuhofstrasse",25,,,879,BLT Auto,2773,Reinach (BL),BL,*,*,,,"611,754","259,400",306,Bus,Fahrplan,,,
8588793,85,88793,5,"Reinach BL, Reinacherhof",24,,,37,BLT-blt,2773,Reinach (BL),BL,*,*,,,"612,334","262,299",306,Tram,Fahrplan,,,
8500234,85,234,5,"Reinach BL, Surbaum",19,,,37,BLT-blt,2773,Reinach (BL),BL,*,*,,,"612,316","261,744",292,Bus_Tram,Fahrplan,,,
8500233,85,233,7,"Reinach BL, Süd",15,,,37,BLT-blt,2773,Reinach (BL),BL,*,*,,,"611,534","259,472",307,Bus_Tram,Fahrplan,,,
8589264,85,89264,6,"Reinach BL, TechCenter Kägen",28,,,879,BLT Auto,2773,Reinach (BL),BL,*,*,,,"611,998","259,507",301,Bus,Fahrplan,,,
8588794,85,88794,3,"Reinach BL, Vogesenstrasse",26,,,37,BLT-blt,2773,Reinach (BL),BL,*,*,,,"611,427","259,785",306,Bus_Tram,Fahrplan,,,
8589473,85,89473,3,"Riehen Niederholz, Bahnhof",26,,,823,BVB,2703,Riehen,BS,*,*,,,"614,614","268,870",262,Bus,Fahrplan,,,
8589441,85,89441,0,"Riehen, Am Hang",15,,,823,BVB,2703,Riehen,BS,*,*,,,"615,709","268,941",299,Bus,Fahrplan,,,
8589442,85,89442,8,"Riehen, Auf dem Rücken",22,,,823,BVB,2703,Riehen,BS,*,*,,,"616,930","270,207",328,Bus,Fahrplan,,,
8592339,85,92339,1,"Riehen, Bahnhof",15,,,823,BVB,2703,Riehen,BS,*,*,,,"616,042","270,358",280,Bus,Fahrplan,,,
8589443,85,89443,6,"Riehen, Bahnübergang",20,,,823,BVB,2703,Riehen,BS,*,*,,,"615,840","270,071",282,Bus,Fahrplan,,,
8589444,85,89444,4,"Riehen, Bettingerstrasse",24,,,823,BVB,2703,Riehen,BS,*,*,,,"615,691","270,223",276,Bus_Tram,Fahrplan,,,
8589445,85,89445,1,"Riehen, Bluttrainweg",20,,,823,BVB,2703,Riehen,BS,*,*,,,"615,001","268,875",266,Bus,Fahrplan,,,
8589446,85,89446,9,"Riehen, Burgstrasse",19,,,823,BVB,2703,Riehen,BS,*,*,,,"615,068","269,679",272,Tram,Fahrplan,,,
8589447,85,89447,7,"Riehen, Chrischonaweg",21,,,823,BVB,2703,Riehen,BS,*,*,,,"617,217","270,112",338,Bus,Fahrplan,,,
8589448,85,89448,5,"Riehen, Dinkelbergstrasse",25,,,823,BVB,2703,Riehen,BS,*,*,,,"616,501","270,069",300,Bus,Fahrplan,,,
8589449,85,89449,3,"Riehen, Dominikushaus",21,,,823,BVB,2703,Riehen,BS,*,*,,,"616,207","270,252",297,Bus,Fahrplan,,,
8589450,85,89450,1,"Riehen, Dorf",12,,,823,BVB,2703,Riehen,BS,*,*,,,"615,867","270,434",280,Bus_Tram,Fahrplan,,,
8589451,85,89451,9,"Riehen, Fondation Beyeler",25,,,823,BVB,2703,Riehen,BS,*,*,,,"615,962","270,696",281,Tram,Fahrplan,,,
8589452,85,89452,7,"Riehen, Friedhof am Hörnli",26,,,823,BVB,2703,Riehen,BS,*,*,,,"614,881","268,457",264,Bus,Fahrplan,,,
8589453,85,89453,5,"Riehen, Gemeindespital",22,,,823,BVB,2703,Riehen,BS,*,*,,,"616,247","270,505",285,Bus,Fahrplan,,,
8589454,85,89454,3,"Riehen, Gotenstrasse",20,,,823,BVB,2703,Riehen,BS,*,*,,,"614,363","268,920",260,Bus,Fahrplan,,,
8589455,85,89455,0,"Riehen, Grenze",14,,,823,BVB,2703,Riehen,BS,*,*,,,"616,297","271,554",280,Tram,Fahrplan,,,
8589456,85,89456,8,"Riehen, Habermatten",19,,,823,BVB,2703,Riehen,BS,*,*,,,"614,380","269,138",260,Bus_Tram,Fahrplan,,,
8589457,85,89457,6,"Riehen, Haidweg",15,,,823,BVB,2703,Riehen,BS,*,*,,,"617,204","270,205",334,Bus,Fahrplan,,,
8589458,85,89458,4,"Riehen, Hinter Gärten",21,,,823,BVB,2703,Riehen,BS,*,*,,,"616,327","270,752",285,Bus,Fahrplan,,,
8589459,85,89459,2,"Riehen, Hohlweg",15,,,823,BVB,2703,Riehen,BS,*,*,,,"616,682","270,726",307,Bus,Fahrplan,,,
8589461,85,89461,8,"Riehen, Humanitas",17,,,823,BVB,2703,Riehen,BS,*,*,,,"616,901","270,668",319,Bus,Fahrplan,,,
8589462,85,89462,6,"Riehen, Hungerbachhalde",23,,,823,BVB,2703,Riehen,BS,*,*,,,"616,923","270,882",322,Bus,Fahrplan,,,
8589460,85,89460,0,"Riehen, Hörnli Grenze",21,,,823,BVB,2703,Riehen,BS,*,*,,,"614,681","267,991",262,Bus,Fahrplan,,,
8589464,85,89464,2,"Riehen, In der Au",17,,,823,BVB,2703,Riehen,BS,*,*,,,"617,297","270,502",330,Bus,Fahrplan,,,
8589465,85,89465,9,"Riehen, Inzlinger Zoll",22,,,823,BVB,2703,Riehen,BS,*,*,,,"617,495","270,540",288,Bus,Fahrplan,,,
8589466,85,89466,7,"Riehen, Lachenweg",17,,,823,BVB,2703,Riehen,BS,*,*,,,"615,636","269,401",285,Bus,Fahrplan,,,
8589467,85,89467,5,"Riehen, Lörracherstrasse",24,,,823,BVB,2703,Riehen,BS,*,*,,,"616,159","271,319",303,Tram,Fahrplan,,,
8589468,85,89468,3,"Riehen, Martinsrain",19,,,823,BVB,2703,Riehen,BS,*,*,,,"615,986","269,654",303,Bus,Fahrplan,,,
8589469,85,89469,1,"Riehen, Mohrhaldenstrasse",25,,,823,BVB,2703,Riehen,BS,*,*,,,"616,263","270,167",302,Bus,Fahrplan,,,
8589470,85,89470,9,"Riehen, Moosrain",16,,,823,BVB,2703,Riehen,BS,*,*,,,"616,551","270,309",277,Bus,Fahrplan,,,
8589477,85,89477,4,"Riehen, Morystrasse",19,,,823,BVB,2703,Riehen,BS,*,*,,,"615,393","269,273",277,Bus,Fahrplan,,,
8589471,85,89471,7,"Riehen, Mühlestieg",18,,,823,BVB,2703,Riehen,BS,*,*,,,"615,733","269,744",280,Bus,Fahrplan,,,
8589472,85,89472,5,"Riehen, Niederholzboden",23,,,823,BVB,2703,Riehen,BS,*,*,,,"614,773","269,484",265,Tram,Fahrplan,,,
8589474,85,89474,1,"Riehen, Otto Wenk-Platz",23,,,823,BVB,2703,Riehen,BS,*,*,,,"614,928","268,667",266,Bus,Fahrplan,,,
8589475,85,89475,8,"Riehen, Pfaffenloh",18,,,823,BVB,2703,Riehen,BS,*,*,,,"615,222","269,829",274,Tram,Fahrplan,,,
8589476,85,89476,6,"Riehen, Rotengraben",19,,,823,BVB,2703,Riehen,BS,*,*,,,"617,215","271,010",325,Bus,Fahrplan,,,
8589487,85,89487,3,"Riehen, Rudolf Wackernagel-St",29,,,823,BVB,2703,Riehen,BS,*,*,,,"615,478","268,713",286,Bus,Fahrplan,,,
8589479,85,89479,0,"Riehen, Schmiedgasse",20,,,823,BVB,2703,Riehen,BS,*,*,,,"616,141","270,387",287,Bus,Fahrplan,,,
8589480,85,89480,8,"Riehen, Steingrubenweg",22,,,823,BVB,2703,Riehen,BS,*,*,,,"616,539","270,914",292,Bus,Fahrplan,,,
8589481,85,89481,6,"Riehen, Talmattstrasse",22,,,823,BVB,2703,Riehen,BS,*,*,,,"616,563","269,062",367,Bus,Fahrplan,,,
8589482,85,89482,4,"Riehen, Tiefweg",15,,,823,BVB,2703,Riehen,BS,*,*,,,"615,584","269,031",288,Bus,Fahrplan,,,
8589483,85,89483,2,"Riehen, Wasserstelzen",21,,,823,BVB,2703,Riehen,BS,*,*,,,"615,106","269,125",267,Bus,Fahrplan,,,
8589484,85,89484,0,"Riehen, Webergässchen",21,,,823,BVB,2703,Riehen,BS,*,*,,,"615,994","270,484",280,Bus,Fahrplan,,,
8589485,85,89485,7,"Riehen, Weilstrasse",19,,,823,BVB,2703,Riehen,BS,*,*,,,"616,034","270,977",275,Tram,Fahrplan,,,
8589486,85,89486,5,"Riehen, Wenkenhof",17,,,823,BVB,2703,Riehen,BS,*,*,,,"616,107","269,191",326,Bus,Fahrplan,,,
8595720,85,95720,9,"Rodersdorf, Chilchmatten",24,,,879,BLT Auto,2479,Rodersdorf,SO,*,*,,,"601,558","259,122",375,Bus,Fahrplan,,,
8500070,85,70,3,"Rodersdorf, Station",19,,RD,37,BLT-blt,2479,Rodersdorf,SO,*,*,,,"601,540","258,915",394,Bus_Tram,Fahrplan,,,
8500033,85,33,1,Rümlingen,9,,RLG,11,SBB,2859,Rümlingen,BL,*,*,,*,"631,079","252,811",480,Bus_Zug,Fahrplan,,,
8578296,85,78296,1,"Rümlingen, Dorf",15,,RLGD,879,BLT Auto,2859,Rümlingen,BL,*,*,,,"630,900","252,700",480,Bus,Fahrplan,,,
8531252,85,31252,0,Schweizerhalle Schifflände,26,,SHSL,191,BPG,2831,Pratteln,BL,*,*,,,"617,780","264,702",254,Schiff,Fahrplan,,,
8578167,85,78167,4,"Schönenbuch, Dorf",17,,,823,BVB,2774,Schönenbuch,BL,*,*,,,"604,705","265,119",360,Bus,Fahrplan,,,
8578165,85,78165,8,"Schönenbuch, Im Pfeiffensack",28,,,823,BVB,2774,Schönenbuch,BL,*,*,,,"605,215","265,527",360,Bus,Fahrplan,,,
8578166,85,78166,6,"Schönenbuch, Niederfeld",23,,,823,BVB,2774,Schönenbuch,BL,*,*,,,"604,886","265,274",360,Bus,Fahrplan,,,
8502112,85,2112,1,Schönenwerd SO,14,,SCOE,11,SBB,2583,Schönenwerd,SO,*,*,,*,"642,412","246,883",379,Bus_Zug,Fahrplan,,,
8572217,85,72217,3,"Seltisberg, Sonnenblick",23,,,811,AAGL,2833,Seltisberg,BL,*,*,,,"621,549","257,296",479,Bus,Fahrplan,,,
8595733,85,95733,2,"Seltisberg, Verwaltung MZH",26,,,811,AAGL,2833,Seltisberg,BL,*,*,,,"621,296","256,966",494,Bus,Fahrplan,,,
8500799,85,799,7,"Seltisberg, Zentrum Schule",26,,,811,AAGL,2833,Seltisberg,BL,*,*,,*,"621,087","256,675",494,Bus,Fahrplan,,,
8572218,85,72218,1,"Seltisberg, alte Post",21,,,811,AAGL,2833,Seltisberg,BL,*,*,,,"620,875","256,525",493,Bus,Fahrplan,,,
8500204,85,204,8,Selzach,7,,SEL,11,SBB,2556,Selzach,SO,*,*,,*,"601,364","227,742",439,Bus_Zug,Fahrplan,,,
8500026,85,26,5,Sissach,7,,SIS,11,SBB,2861,Sissach,BL,*,*,,*,"628,154","256,952",376,Bus_Zug,Fahrplan,,,
8593512,85,93512,2,"Sissach, Allmend",16,,,879,BLT Auto,2861,Sissach,BL,*,*,,,"627,933","257,598",373,Bus,Fahrplan,,,
8578259,85,78259,9,"Sissach, Bahnhof",16,,,879,BLT Auto,2861,Sissach,BL,*,*,,,"628,217","256,940",376,Bus,Fahrplan,,,
8578261,85,78261,5,"Sissach, Bergweg",16,,,879,BLT Auto,2861,Sissach,BL,*,*,,,"628,234","257,557",376,Bus,Fahrplan,,,
8593510,85,93510,6,"Sissach, Brüel",14,,,879,BLT Auto,2861,Sissach,BL,*,*,,,"627,430","257,458",365,Bus,Fahrplan,,,
8593509,85,93509,8,"Sissach, Bützenen",17,,,879,BLT Auto,2861,Sissach,BL,*,*,,,"628,479","257,139",373,Bus,Fahrplan,,,
8593511,85,93511,4,"Sissach, Grienmatt",18,,,879,BLT Auto,2861,Sissach,BL,*,*,,,"627,439","257,736",361,Bus,Fahrplan,,,
8595639,85,95639,1,"Sissach, Güterstrasse",21,,,879,BLT Auto,2861,Sissach,BL,*,*,,,"628,496","256,841",376,Bus,Fahrplan,,,
8578265,85,78265,6,"Sissach, Hinteregg",18,,,879,BLT Auto,2861,Sissach,BL,*,*,,,"628,140","258,841",376,Bus,Fahrplan,,,
8578262,85,78262,3,"Sissach, Hofacker",17,,,879,BLT Auto,2861,Sissach,BL,*,*,,,"628,219","257,862",376,Bus,Fahrplan,,,
8578276,85,78276,3,"Sissach, Kreuzmatt",18,,,879,BLT Auto,2861,Sissach,BL,*,*,,,"628,824","256,864",379,Bus,Fahrplan,,,
8578263,85,78263,1,"Sissach, Letten",15,,,879,BLT Auto,2861,Sissach,BL,*,*,,,"628,558","258,279",376,Bus,Fahrplan,,,
8578260,85,78260,7,"Sissach, Pfarrgässli",20,,,879,BLT Auto,2861,Sissach,BL,*,*,,,"628,064","257,232",376,Bus,Fahrplan,,,
8578278,85,78278,9,"Sissach, Sekundarschule",23,,,879,BLT Auto,2861,Sissach,BL,*,*,,,"627,777","256,362",376,Bus,Fahrplan,,,
8578266,85,78266,4,"Sissach, Sissacher Fluh",23,,,879,BLT Auto,2861,Sissach,BL,*,*,,,"628,295","259,376",376,Bus,Fahrplan,,,
8578264,85,78264,9,"Sissach, Voregg",15,,,879,BLT Auto,2861,Sissach,BL,*,*,,,"628,315","258,482",376,Bus,Fahrplan,,,
8500207,85,207,1,Solothurn,9,,SO,11,SBB,2601,Solothurn,SO,*,*,*,*,"607,884","228,143",432,Bus_Zug,Fahrplan,,,
8518963,85,18963,9,Solothurn Allmend,17,,SOAD,11,SBB,2601,Solothurn,SO,*,*,,*,"606,273","228,663",443,Bus_Zug,Fahrplan,,,
8500206,85,206,3,Solothurn West,14,,SW,11,SBB,2601,Solothurn,SO,*,*,,*,"607,070","228,423",433,Bus_Zug,Fahrplan,,,
8500032,85,32,3,Sommerau,8,,SOM,11,SBB,2846,Gelterkinden,BL,*,*,,*,"631,142","254,328",450,Bus_Zug,Fahrplan,,,
8587049,85,87049,3,"Sommerau, Kantonsstrasse",24,,SOKS,11,SBB,2846,Gelterkinden,BL,*,*,,,"631,047","254,039",450,Bus,Fahrplan,,,
8500080,85,80,2,Talhaus,7,,TALH,94,BLT-wb,2823,Bubendorf,BL,*,*,,,"623,465","255,675",374,Zug,Fahrplan,,,
8500028,85,28,1,Tecknau,7,,TK,11,SBB,2862,Tecknau,BL,*,*,,*,"633,864","255,093",445,Bus_Zug,Fahrplan,,,
8578282,85,78282,1,Tenniken,8,,,879,BLT Auto,2863,Tenniken,BL,*,*,,,"628,036","254,058",425,Bus,Fahrplan,,,
8593513,85,93513,0,"Therwil, Birsmatt",17,,,879,BLT Auto,2775,Therwil,BL,*,*,,,"608,681","261,316",302,Bus,Fahrplan,,,
8578213,85,78213,6,"Therwil, Jurastrasse",20,,,879,BLT Auto,2775,Therwil,BL,*,*,,,"609,230","260,748",309,Bus,Fahrplan,,,
8588795,85,88795,0,"Therwil, Känelmatt",18,,,37,BLT-blt,2775,Therwil,BL,*,*,,,"608,746","260,487",309,Tram,Fahrplan,,,
8578210,85,78210,2,"Therwil, Lindenfeld",19,,,879,BLT Auto,2775,Therwil,BL,*,*,,,"608,235","260,898",309,Bus,Fahrplan,,,
8578211,85,78211,0,"Therwil, Mittlerer Kreis",24,,,879,BLT Auto,2775,Therwil,BL,*,*,,,"608,565","260,929",306,Bus,Fahrplan,,,
8578214,85,78214,4,"Therwil, Mooswasen",18,,,879,BLT Auto,2775,Therwil,BL,*,*,,,"609,631","260,582",306,Bus,Fahrplan,,,
8500064,85,64,6,"Therwil, Zentrum",16,,TWIL,37,BLT-blt,2775,Therwil,BL,*,*,,,"608,932","260,960",307,Bus_Tram,Fahrplan,,,
8578292,85,78292,0,"Thürnen, Dorf",13,,,879,BLT Auto,2864,Thürnen,BL,*,*,,,"629,429","256,245",397,Bus,Fahrplan,,,
8578290,85,78290,4,"Thürnen, Grabacker",18,,,879,BLT Auto,2864,Thürnen,BL,*,*,,,"629,153","256,565",403,Bus,Fahrplan,,,
8595718,85,95718,3,"Thürnen, Langmatt",17,,,879,BLT Auto,2864,Thürnen,BL,*,*,,,"629,648","255,767",398,Bus,Fahrplan,,,
8500857,85,857,3,"Titterten, Gemeindehaus",23,,,811,AAGL,2894,Titterten,BL,*,*,,,"621,045","250,133",661,Bus,Fahrplan,,,
8578336,85,78336,5,"Titterten, March",16,,,811,AAGL,2894,Titterten,BL,*,*,,,"620,462","249,767",661,Bus,Fahrplan,,,
8500037,85,37,2,Trimbach,8,,TRI,11,SBB,2500,Trimbach,SO,*,*,,*,"635,174","246,238",435,Bus_Zug,Fahrplan,,,
8500087,85,87,7,Waldenburg,10,,WAG,94,BLT-wb,2895,Waldenburg,BL,*,*,,*,"623,424","248,430",518,Zug,Fahrplan,,,
8500216,85,216,2,Wangen bei Olten,16,,WBOL,11,SBB,2586,Wangen bei Olten,SO,*,*,*,*,"632,475","243,482",417,Bus_Zug,Fahrplan,,,
8578274,85,78274,8,"Wintersingen, Blumatt",21,,,879,BLT Auto,2866,Wintersingen,BL,*,*,,,"629,124","261,135",430,Bus,Fahrplan,,,
8578270,85,78270,6,"Wintersingen, Breitenhof",24,,,879,BLT Auto,2866,Wintersingen,BL,*,*,,,"628,272","260,056",430,Bus,Fahrplan,,,
8578272,85,78272,2,"Wintersingen, Dorf",18,,,879,BLT Auto,2866,Wintersingen,BL,*,*,,,"629,277","260,309",454,Bus,Fahrplan,,,
8578273,85,78273,0,"Wintersingen, Post",18,,,879,BLT Auto,2866,Wintersingen,BL,*,*,,,"628,972","260,700",431,Bus,Fahrplan,,,
8578271,85,78271,4,"Wintersingen, Steindler",23,,,879,BLT Auto,2866,Wintersingen,BL,*,*,,,"628,711","259,786",415,Bus,Fahrplan,,,
8592455,85,92455,5,"Witterswil, Bahnhofstrasse",26,,,879,BLT Auto,2481,Witterswil,SO,*,*,,,"606,370","259,612",348,Bus,Fahrplan,,,
8588796,85,88796,8,"Witterswil, Sonnenrain",22,,,37,BLT-blt,2481,Witterswil,SO,*,*,,,"606,786","259,575",352,Tram,Fahrplan,,,
8500066,85,66,1,"Witterswil, Station",19,,WW,37,BLT-blt,2481,Witterswil,SO,*,*,,,"606,299","259,630",352,Bus_Tram,Fahrplan,,,
8578299,85,78299,5,"Wittinsburg, Bodenacher",23,,,879,BLT Auto,2867,Wittinsburg,BL,*,*,,,"630,380","252,611",568,Bus,Fahrplan,,,
8588419,85,88419,7,"Wittinsburg, Chamber",20,,,879,BLT Auto,2867,Wittinsburg,BL,*,*,,,"630,543","252,831",568,Bus,Fahrplan,,,
8578295,85,78295,3,"Wittinsburg, Tschattnau",23,,,879,BLT Auto,2867,Wittinsburg,BL,*,*,,,"630,863","253,525",568,Bus,Fahrplan,,,
8578325,85,78325,8,"Ziefen, Diegmatt",16,,,811,AAGL,2834,Ziefen,BL,*,*,,,"620,573","253,522",428,Bus,Fahrplan,,,
8578328,85,78328,2,"Ziefen, Fraumatt",16,,,811,AAGL,2834,Ziefen,BL,*,*,,,"619,391","252,355",428,Bus,Fahrplan,,,
8578327,85,78327,4,"Ziefen, Hofmatt",15,,,811,AAGL,2834,Ziefen,BL,*,*,,,"619,823","253,063",428,Bus,Fahrplan,,,
8578326,85,78326,6,"Ziefen, Mühlegasse",18,,,811,AAGL,2834,Ziefen,BL,*,*,,,"620,001","253,304",428,Bus,Fahrplan,,,
8500851,85,851,6,"Ziefen, Zentrum",15,,,811,AAGL,2834,Ziefen,BL,*,*,,,"620,266","253,383",428,Bus,Fahrplan,,,
8578281,85,78281,3,"Zunzgen, Büchel",15,,,879,BLT Auto,2869,Zunzgen,BL,*,*,,,"627,891","255,136",402,Bus,Fahrplan,,,
8578279,85,78279,7,"Zunzgen, Neumatt",16,,,879,BLT Auto,2869,Zunzgen,BL,*,*,,,"627,790","256,032",402,Bus,Fahrplan,,,
8578280,85,78280,5,"Zunzgen, Post",13,,,879,BLT Auto,2869,Zunzgen,BL,*,*,,,"627,840","255,548",404,Bus,Fahrplan,,,
8500114,85,114,9,Zwingen,7,,ZWG,11,SBB,2793,Zwingen,BL,*,*,*,*,"606,928","253,670",347,Zug,Fahrplan,,,
